id,Country,Edu,SES,Minority,age,sex,mobile
358,cn,6,7,2,30,1,1
380,cn,6,7,2,30,1,1
398,cn,6,5,2,26,1,0
806,cn,6,5,2,50,1,1
844,cn,6,7,2,41,1,0
1461,cn,6,6,2,52,1,1
1577,cn,6,6,2,30,1,1
1582,cn,6,8,2,30,1,1
1697,cn,6,7,2,35,2,1
1707,cn,6,6,2,31,1,1
1736,cn,7,5,2,37,2,1
1769,cn,6,5,2,22,2,1
1794,cn,6,8,2,40,2,1
1909,cn,6,7,2,35,1,1
1964,cn,6,6,2,33,1,0
2198,cn,,,,27,1,1
2283,cn,6,8,2,40,2,1
2309,cn,6,6,2,20,1,0
2312,cn,,,,46,2,1
2392,cn,7,6,2,34,2,1
2400,cn,6,6,2,46,1,0
2403,cn,6,7,2,36,2,1
2449,cn,7,7,2,31,1,1
2465,cn,6,8,2,40,2,1
2503,cn,6,8,2,40,2,1
3072,cn,,,,31,1,1
3199,cn,6,9,2,40,2,1
3406,cn,6,10,2,28,1,0
3463,cn,6,5,2,30,1,0
3500,cn,6,6,2,27,2,0
3505,cn,6,3,2,35,1,1
3506,cn,6,3,2,35,2,1
3519,cn,6,5,2,33,2,1
3530,cn,6,5,2,40,1,1
3571,cn,7,6,2,33,2,1
3618,cn,6,3,2,35,2,1
3623,cn,6,8,2,39,1,1
3639,cn,6,6,2,36,2,1
3665,cn,6,5,2,26,1,1
3680,cn,6,4,2,26,2,0
3682,cn,6,7,2,25,2,0
3686,cn,5,3,1,49,1,1
3692,cn,6,5,2,36,1,1
3694,cn,6,6,1,23,2,1
3696,cn,6,3,2,35,1,1
3697,cn,6,3,2,35,2,1
3703,cn,6,8,2,34,2,1
3706,cn,1,1,2,21,2,1
3720,cn,,,,35,1,1
3738,cn,6,10,2,35,2,1
3755,cn,,,,35,2,1
3761,cn,6,6,2,36,2,1
3762,cn,6,4,2,25,1,1
3764,cn,6,7,2,70,1,0
3768,cn,6,3,2,35,2,1
3769,cn,,,,48,1,0
3771,cn,,,,27,2,1
3775,cn,6,6,2,36,2,1
3780,cn,6,3,2,38,2,1
3786,cn,6,8,2,45,2,1
3789,cn,6,4,2,35,2,1
3795,cn,6,5,2,28,2,1
3796,cn,6,7,2,31,1,1
3797,cn,6,3,2,35,2,1
3798,cn,6,6,2,36,2,1
3800,cn,4,9,2,51,2,1
3807,cn,6,8,2,46,1,0
3809,cn,6,5,2,39,1,1
3814,cn,6,3,2,35,2,1
3816,cn,,,,32,1,0
3817,cn,5,8,2,27,2,1
3821,cn,4,5,2,40,1,1
3822,cn,4,4,2,51,2,1
3827,cn,6,7,2,35,2,1
3829,cn,6,9,2,30,2,1
3833,cn,6,3,2,38,2,1
3835,cn,6,6,2,36,2,1
3838,cn,6,5,2,34,1,1
3842,cn,6,3,2,35,2,1
3848,cn,6,6,2,29,1,1
3850,cn,6,8,2,33,1,1
3852,cn,6,7,2,45,2,1
3854,cn,7,8,2,28,2,1
3855,cn,6,6,2,40,1,0
3858,cn,6,10,2,34,2,1
3859,cn,6,6,2,39,2,1
3860,cn,6,7,2,31,2,1
3862,cn,6,4,2,21,2,1
3864,cn,6,3,2,35,2,1
3870,cn,6,5,2,26,1,1
3871,cn,,,,29,2,1
3872,cn,,,,30,2,1
3873,cn,6,8,2,27,2,0
3874,cn,6,6,2,32,1,1
3876,cn,4,4,2,36,1,1
3877,cn,6,5,2,31,2,1
3878,cn,6,4,2,38,2,1
3879,cn,,,,26,2,1
3880,cn,6,6,2,36,2,1
3885,cn,6,6,1,57,2,1
3886,cn,6,7,2,19,1,1
3888,cn,6,6,2,36,1,0
3889,cn,6,6,2,20,2,1
3891,cn,6,9,2,29,1,0
3892,cn,6,6,2,56,1,0
3894,cn,6,6,2,52,1,1
3895,cn,6,6,2,22,1,1
3898,cn,6,7,2,32,1,1
3899,cn,4,3,2,21,1,1
3902,cn,6,10,2,37,2,1
3903,cn,6,6,2,50,2,1
3904,cn,6,5,2,48,2,1
3905,cn,6,3,2,35,2,1
3906,cn,,,,19,1,0
3907,cn,7,7,2,32,2,0
3909,cn,6,7,2,30,1,1
3910,cn,6,5,2,36,2,1
3911,cn,6,6,2,51,1,0
3912,cn,,,,33,2,1
3914,cn,3,3,2,46,1,1
3916,cn,6,6,2,36,2,1
3917,cn,6,7,2,18,2,1
3918,cn,6,7,2,25,1,1
3919,cn,6,7,2,29,2,0
3920,cn,6,6,2,34,2,1
3922,cn,4,4,2,24,1,0
3923,cn,6,6,2,24,2,1
3925,cn,5,6,2,42,1,0
3926,cn,6,3,2,35,1,1
3927,cn,6,5,2,32,1,1
3928,cn,6,6,2,38,1,1
3929,cn,,,,35,1,1
3930,cn,6,7,2,43,2,0
3933,cn,6,4,2,37,2,1
3934,cn,,,,36,1,0
3935,cn,6,3,2,35,2,1
3937,cn,6,6,2,32,2,1
3939,cn,6,9,1,20,2,1
3941,cn,6,5,2,25,1,1
3942,cn,6,9,2,24,2,1
3943,cn,4,1,2,31,1,1
3945,cn,6,6,2,26,2,1
3946,cn,6,7,2,38,2,1
3948,cn,6,7,1,28,1,1
3949,cn,6,6,2,21,1,1
3950,cn,,,,22,1,1
3952,cn,6,5,2,36,2,1
3953,cn,6,6,2,35,2,1
3954,cn,6,4,2,41,1,0
3955,cn,6,3,2,35,2,1
3956,cn,6,7,2,33,1,0
3957,cn,6,5,2,33,2,0
3958,cn,6,6,2,57,2,0
3960,cn,,,,26,1,0
3961,cn,6,5,2,36,2,1
3962,cn,7,6,2,28,1,0
3963,cn,7,10,2,34,2,0
3964,cn,7,9,2,35,1,1
3965,cn,6,7,2,46,1,1
3966,cn,6,7,2,31,1,1
3967,cn,6,6,2,28,2,0
3968,cn,6,5,2,38,1,0
3969,cn,,,,24,1,1
3970,cn,6,7,2,32,2,1
3971,cn,6,7,2,32,2,1
3972,cn,4,1,2,18,1,1
3973,cn,6,3,2,35,2,1
3974,cn,6,7,2,25,2,0
3975,cn,6,6,2,31,1,0
3976,cn,6,8,2,19,1,1
3977,cn,7,7,2,39,1,1
3978,cn,6,5,2,45,1,0
3979,cn,6,7,2,37,2,0
3980,cn,6,8,2,25,2,0
3981,cn,6,6,2,36,2,1
3982,cn,6,7,2,34,1,0
3983,cn,4,4,2,29,1,1
3984,cn,6,5,2,32,2,0
3986,cn,6,3,2,35,2,1
3987,cn,7,5,2,26,2,1
3988,cn,6,6,2,27,1,0
3989,cn,6,4,2,54,1,1
3990,cn,6,6,2,33,1,1
3991,cn,,,,18,2,1
3992,cn,6,5,2,41,1,0
3993,cn,7,6,2,36,2,0
3994,cn,7,5,2,36,2,0
3995,cn,6,5,2,32,1,0
3996,cn,,,,41,2,1
3997,cn,6,5,2,38,1,0
3998,cn,6,5,2,23,2,1
3999,cn,6,6,2,35,2,1
4000,cn,5,5,2,52,2,0
4001,cn,,,,60,2,0
4002,cn,6,8,2,21,2,1
4004,cn,6,6,2,21,1,1
4005,cn,6,7,2,28,2,0
4006,cn,6,3,2,35,2,1
4007,cn,6,3,2,30,1,1
4008,cn,6,5,2,21,2,1
4009,cn,6,8,2,37,2,0
4010,cn,6,5,2,36,2,1
4011,cn,6,6,2,30,1,0
4012,cn,6,8,2,26,1,1
4013,cn,6,1,2,39,2,1
4014,cn,,,,56,2,0
4015,cn,6,8,2,29,2,0
4016,cn,,,,26,1,1
4017,cn,5,3,2,35,2,1
4018,cn,6,7,2,38,1,0
4019,cn,6,7,2,40,1,0
4020,cn,6,4,2,54,2,0
4021,cn,6,7,2,25,1,1
4022,cn,,,,34,1,1
4023,cn,6,6,2,29,2,1
4024,cn,,,,55,1,0
4025,cn,5,5,2,28,2,1
4026,cn,6,6,2,41,2,0
4027,cn,6,8,2,53,1,0
4028,cn,6,7,1,40,1,0
4029,cn,6,5,2,25,2,1
4030,cn,5,7,2,20,2,1
4031,cn,6,5,2,41,1,1
4032,cn,7,8,2,50,1,0
4033,cn,6,6,2,36,2,1
4034,cn,6,3,2,35,2,1
4035,cn,,,,25,1,1
4036,cn,4,5,2,18,1,0
4037,cn,6,6,2,35,2,1
4038,cn,5,5,2,27,1,1
4039,cn,6,8,2,29,2,1
4040,cn,6,6,2,32,2,1
4041,cn,6,6,2,32,2,1
4042,cn,5,6,2,38,1,1
4043,cn,3,3,2,29,2,1
4044,cn,7,5,2,29,1,0
4045,cn,6,3,2,35,2,1
4046,cn,6,5,2,30,1,1
4047,cn,6,5,1,36,2,1
4048,cn,7,8,2,31,1,1
4049,cn,6,3,2,36,2,1
4050,cn,6,7,2,31,1,1
4051,cn,5,7,2,30,1,1
4052,cn,6,6,2,32,2,1
4053,cn,5,6,2,31,1,0
4054,cn,5,8,2,26,2,1
4056,cn,6,6,2,37,1,0
4057,cn,5,6,2,47,1,0
4059,cn,6,7,2,45,1,0
4060,cn,6,5,2,36,2,1
4061,cn,6,7,2,26,2,1
4062,cn,4,5,2,48,1,1
4063,cn,6,4,2,29,2,0
4064,cn,6,3,2,35,2,1
4065,cn,,,,43,1,1
4068,cn,6,3,2,24,1,1
4069,cn,7,8,2,20,2,1
4070,cn,6,8,2,30,2,1
4071,cn,6,6,2,35,2,1
4073,cn,6,6,2,38,1,1
4074,cn,6,1,2,46,1,0
4075,cn,4,7,2,22,2,1
4076,cn,6,6,2,26,2,1
4077,cn,4,6,2,18,1,1
4078,cn,,,,24,1,1
4079,cn,,,,23,1,1
4080,cn,4,7,2,42,1,0
4082,cn,,,,40,2,0
4083,cn,6,3,2,35,2,1
4084,cn,6,2,2,27,2,1
4085,cn,7,8,2,36,1,0
4086,cn,6,6,2,41,1,0
4087,cn,,,,31,1,1
4088,cn,3,7,2,21,1,0
4089,cn,,,,32,2,1
4090,cn,5,5,2,19,1,1
5084,cn,4,5,2,18,2,1
5120,cn,7,7,2,24,2,0
5223,cn,5,3,2,19,2,0
5236,cn,6,8,2,39,1,1
5240,cn,5,7,,21,1,1
5241,cn,6,5,2,26,1,1
5242,cn,5,5,2,32,2,1
5247,cn,,,,21,2,1
5252,cn,7,6,2,21,2,1
5265,cn,,,,18,2,1
5267,cn,,,,20,1,1
5271,cn,7,8,2,26,2,1
5279,cn,6,7,2,34,2,1
5282,cn,,,,28,2,1
5303,cn,6,4,,18,2,1
5306,cn,,,,21,1,1
5308,cn,5,6,2,27,1,1
5312,cn,7,6,1,22,2,1
5318,cn,,,,18,1,1
5321,cn,7,6,2,25,2,1
5326,cn,6,10,2,26,2,1
5330,cn,,,,26,1,1
5332,cn,6,7,2,43,2,1
5342,cn,,,,20,1,1
5343,cn,4,6,2,35,1,1
5348,cn,6,6,2,31,2,1
5356,cn,,,,21,1,1
5360,cn,6,4,2,22,2,1
5363,cn,5,6,2,40,1,0
5364,cn,6,7,2,40,2,1
5370,cn,5,7,2,21,1,1
5382,cn,6,5,2,34,2,1
5383,cn,6,6,2,38,2,0
5384,cn,6,2,2,32,1,1
5388,cn,5,5,2,26,1,1
5389,cn,4,5,1,23,1,1
5391,cn,,,,19,1,1
5398,cn,6,5,2,35,2,1
5429,cn,6,6,2,32,2,1
5430,cn,6,7,2,32,2,1
6090,cn,6,6,2,26,1,1
6223,cn,4,10,2,18,1,1
6227,cn,6,6,2,26,2,1
6234,cn,4,6,2,24,2,1
6320,cn,3,4,2,23,2,1
6321,cn,,,,23,2,1
6333,cn,,,,24,1,1
6344,cn,,,,25,2,1
6438,cn,6,4,2,28,2,1
6456,cn,6,6,2,32,2,1
6460,cn,6,5,2,32,2,1
6470,cn,3,3,2,31,1,1
6487,cn,6,7,2,22,1,1
6512,cn,6,4,2,40,1,1
6521,cn,6,3,2,35,1,1
6524,cn,6,9,2,40,2,1
6550,cn,,,,18,2,1
6560,cn,6,7,2,30,2,1
6563,cn,6,6,1,19,1,1
6564,cn,6,5,2,32,2,1
6565,cn,6,7,2,32,2,1
6567,cn,6,7,2,30,2,1
6590,cn,4,4,2,33,1,1
6608,cn,,,,19,1,1
6619,cn,,,,46,1,1
6625,cn,6,6,2,32,2,1
6626,cn,6,6,2,32,2,1
6627,cn,6,6,2,36,2,1
6632,cn,6,3,2,30,2,1
6644,cn,6,6,2,36,2,1
6646,cn,6,7,2,31,2,1
6647,cn,4,6,2,33,1,1
6649,cn,6,3,2,38,2,1
6661,cn,6,5,2,37,1,1
6665,cn,6,5,2,36,2,1
6666,cn,4,5,2,35,2,1
6667,cn,7,5,1,20,2,1
6670,cn,6,5,2,32,2,1
6673,cn,6,7,2,32,2,1
6679,cn,6,3,2,39,2,1
6684,cn,6,5,2,36,2,1
6686,cn,6,4,2,28,1,1
6687,cn,6,4,2,28,1,1
6688,cn,7,5,2,27,2,1
6693,cn,6,6,2,43,1,0
6700,cn,4,6,1,39,2,1
6704,cn,5,5,2,33,2,1
6706,cn,4,6,2,33,1,0
6708,cn,4,4,,34,1,1
6710,cn,6,8,2,25,1,1
6712,cn,5,7,2,20,2,1
6715,cn,5,5,2,36,1,1
6716,cn,3,5,2,34,2,1
6718,cn,6,6,2,26,2,1
6721,cn,4,6,2,25,1,1
6722,cn,,,,25,1,1
6723,cn,6,8,2,25,2,1
6724,cn,,,,39,2,1
6725,cn,6,6,2,32,2,1
6726,cn,6,7,2,32,2,1
6728,cn,6,6,2,37,1,1
6729,cn,6,5,2,38,2,1
6731,cn,4,3,2,30,1,1
6803,cn,6,4,2,21,1,1
6894,cn,,,,20,2,1
6939,cn,,,,31,1,1
6974,cn,5,5,2,19,2,1
7003,cn,6,5,2,22,1,1
7041,cn,6,7,2,30,2,1
7179,cn,3,4,2,19,1,1
7203,cn,4,5,2,18,2,1
7224,cn,6,5,2,27,2,1
7282,cn,6,7,2,36,1,0
7352,cn,6,6,2,35,2,1
7400,cn,6,6,2,36,2,1
7465,cn,5,7,2,27,1,0
7483,cn,6,4,2,31,2,0
7523,cn,6,6,2,32,2,1
7529,cn,6,6,2,36,2,1
7534,cn,6,6,2,49,1,0
7538,cn,6,5,2,36,2,1
7557,cn,6,5,2,39,1,1
7610,cn,6,7,2,36,2,1
7623,cn,6,6,2,21,2,1
7639,cn,7,9,2,19,1,1
7654,cn,6,2,2,36,1,0
7666,cn,5,5,2,36,2,1
7669,cn,5,6,2,20,1,1
7682,cn,7,7,2,26,2,1
7688,cn,6,3,2,67,1,1
7690,cn,6,4,2,30,1,1
7701,cn,4,5,,24,1,1
7710,cn,7,6,2,32,2,0
7718,cn,4,1,2,27,1,1
7722,cn,6,4,2,20,2,0
7749,cn,3,5,2,35,1,1
7752,cn,6,7,2,22,2,1
7754,cn,6,7,2,56,1,1
7759,cn,4,3,2,59,1,1
7762,cn,6,6,2,24,2,1
7777,cn,3,3,2,18,1,1
7792,cn,7,5,2,30,1,0
7799,cn,,,,37,2,0
7810,cn,,,,18,2,1
7814,cn,4,5,2,37,2,1
7818,cn,,,,21,1,1
7820,cn,,,,43,2,1
7821,cn,,,,27,1,1
7822,cn,,,,29,1,1
7824,cn,7,8,1,31,1,1
7825,cn,,,,26,1,1
7828,cn,6,6,2,28,2,1
7831,cn,,,,31,1,1
7832,cn,6,6,2,35,1,1
7835,cn,6,7,2,28,2,1
7837,cn,6,6,2,38,1,1
7839,cn,,,,28,2,0
7841,cn,3,5,1,40,2,1
7842,cn,6,5,2,48,1,0
7845,cn,7,6,2,35,1,1
7848,cn,6,6,2,45,1,1
7851,cn,6,7,2,32,2,1
7852,cn,6,6,2,21,2,1
7859,cn,,,,28,2,1
7860,cn,7,8,2,24,2,1
7861,cn,6,4,2,32,2,1
7862,cn,5,3,2,23,1,1
7865,cn,,,,36,2,1
7869,cn,,,,32,2,1
7873,cn,5,9,2,36,2,1
7875,cn,6,5,2,36,2,1
7883,cn,6,9,2,36,2,1
7884,cn,6,5,2,41,2,1
7887,cn,,,,22,2,1
7890,cn,6,6,2,32,1,0
7891,cn,6,7,2,27,1,0
7894,cn,6,5,2,19,2,1
7896,cn,7,8,2,37,1,0
7897,cn,6,4,1,29,2,1
7898,cn,7,7,2,31,1,1
7900,cn,,,,26,1,1
7902,cn,4,7,2,26,1,1
7904,cn,6,5,2,36,2,1
7907,cn,,,,41,2,1
7909,cn,6,6,2,43,1,1
7910,cn,6,5,2,22,1,0
7914,cn,7,8,2,21,1,1
7915,cn,6,6,2,33,1,1
7919,cn,,,,28,1,1
7922,cn,5,7,2,39,1,1
7923,cn,5,5,,21,2,1
7929,cn,6,7,2,20,2,0
7933,cn,2,3,2,18,1,1
7935,cn,6,7,2,33,2,1
7936,cn,6,8,2,30,1,1
7938,cn,7,4,1,29,1,1
7940,cn,7,5,2,29,2,0
7942,cn,6,9,2,36,2,1
7943,cn,5,3,2,19,2,1
7949,cn,5,2,,45,2,1
7950,cn,6,7,2,29,1,1
7954,cn,,,,26,2,1
7955,cn,7,6,2,37,2,1
7956,cn,5,4,2,20,2,1
7958,cn,,,,41,2,1
7959,cn,6,7,2,29,1,1
7962,cn,4,7,2,21,1,1
7963,cn,,,,33,1,0
7964,cn,,,,27,1,1
7965,cn,7,5,2,36,2,1
7966,cn,6,5,2,36,2,1
7968,cn,6,5,2,30,1,0
7969,cn,,,,67,2,0
7973,cn,6,7,2,33,1,1
7976,cn,7,6,1,31,2,1
7978,cn,6,5,2,25,2,1
7982,cn,,,,20,2,1
7983,cn,5,6,2,38,1,1
7984,cn,6,5,2,36,1,0
7985,cn,6,7,2,32,2,1
7986,cn,5,6,2,30,1,1
7989,cn,,,,22,1,1
7991,cn,,,,22,1,1
7992,cn,5,5,1,19,2,1
7993,cn,,,,18,1,1
7994,cn,6,8,2,29,2,1
7995,cn,6,2,2,36,2,1
7996,cn,4,10,2,18,1,1
7997,cn,,,,21,1,1
7998,cn,,,,25,1,1
7999,cn,6,6,2,29,2,0
8001,cn,6,5,2,19,1,1
8002,cn,6,5,2,38,1,1
8004,cn,6,7,2,24,1,1
8005,cn,,,,26,1,0
8006,cn,,,,39,2,0
8007,cn,4,4,,19,1,1
8008,cn,,,,23,1,1
8009,cn,,,,28,1,1
8010,cn,4,5,2,40,2,1
8011,cn,4,6,2,30,1,1
8012,cn,4,5,2,18,2,1
8013,cn,5,4,2,21,2,1
8014,cn,5,7,2,31,2,1
8017,cn,,,,23,2,1
8018,cn,,,,30,2,1
8278,cn,4,7,2,19,1,1
8418,cn,7,7,2,30,1,0
8621,cn,5,4,2,25,2,1
8794,cn,,,,30,1,0
8942,cn,6,5,2,28,2,0
9010,cn,,,,20,1,1
9207,cn,7,7,2,24,2,1
9245,cn,,,,22,2,1
9632,cn,6,6,2,30,2,1
9843,cn,7,6,2,29,1,0
10021,cn,6,6,2,23,1,1
10068,cn,,,,19,2,1
10155,cn,,,,18,2,1
10263,cn,7,8,2,31,2,1
10271,cn,5,6,2,19,2,1
10290,cn,,,,21,2,1
10324,cn,5,5,2,18,2,1
10329,cn,6,5,2,27,1,0
10333,cn,6,6,2,30,1,0
10351,cn,6,5,2,34,1,0
10420,cn,4,4,2,32,1,1
10440,cn,6,7,2,23,2,1
10465,cn,6,6,2,30,2,1
10491,cn,,,,21,2,1
10511,cn,6,6,2,19,1,0
10534,cn,6,6,2,31,2,1
10604,cn,6,6,2,22,1,0
10605,cn,6,4,2,24,1,0
10610,cn,,,,22,1,1
10616,cn,,,,23,2,0
10670,cn,6,6,2,34,1,0
10671,cn,6,5,2,22,2,1
10678,cn,7,7,2,46,1,0
10699,cn,4,5,1,18,2,1
10710,cn,3,2,1,21,2,1
10712,cn,6,8,2,40,1,1
10714,cn,,,,35,2,1
10717,cn,7,5,2,42,1,0
10729,cn,,,,31,2,0
10730,cn,,,,27,2,0
10735,cn,6,4,2,30,1,1
10741,cn,6,9,2,28,2,1
10746,cn,4,5,2,24,2,1
10748,cn,6,7,2,26,1,0
10756,cn,3,1,1,33,2,1
10760,cn,5,5,2,25,1,1
10761,cn,7,4,2,36,1,0
10765,cn,,,,36,1,0
10770,cn,6,8,2,38,1,1
10775,cn,5,4,2,21,2,0
10789,cn,4,10,2,33,1,1
10792,cn,6,5,2,34,1,0
10797,cn,6,6,2,30,1,0
10802,cn,6,7,2,42,1,0
10805,cn,6,8,2,40,2,1
10822,cn,6,6,2,35,2,1
10831,cn,6,5,2,24,1,1
10839,cn,7,5,2,20,1,1
10841,cn,4,3,2,30,1,1
10842,cn,6,7,2,27,2,0
10843,cn,6,7,2,30,1,0
10847,cn,3,4,2,19,1,1
10855,cn,,,,25,1,1
10856,cn,5,3,2,18,2,1
10871,cn,,,,18,2,1
10872,cn,5,6,,18,1,1
10876,cn,5,7,2,23,1,1
10879,cn,6,5,2,18,1,1
10886,cn,,,,27,1,1
10890,cn,3,5,,21,1,1
10892,cn,5,6,2,21,1,1
10897,cn,7,5,2,34,1,1
10899,cn,5,3,2,20,2,1
10904,cn,5,7,2,24,2,1
10905,cn,,,,23,1,1
10911,cn,5,6,2,50,1,1
10912,cn,5,5,2,19,1,1
10916,cn,4,1,2,18,1,1
10927,cn,4,3,2,21,2,1
10930,cn,6,3,2,24,1,1
10942,cn,5,4,1,21,1,0
10950,cn,5,10,2,21,2,1
10956,cn,,,,20,2,1
10957,cn,6,4,2,30,1,1
10967,cn,6,2,2,21,1,1
10968,cn,,,,18,1,1
10975,cn,5,6,2,21,2,0
10977,cn,6,7,2,20,1,1
10981,cn,7,3,2,47,2,0
10987,cn,,,,18,1,1
10998,cn,4,5,2,36,2,1
11000,cn,7,9,2,29,2,1
11001,cn,4,6,2,18,1,1
11019,cn,,,,37,2,0
11023,cn,6,7,2,28,1,1
11031,cn,,,,18,1,1
11033,cn,5,3,2,21,1,1
11036,cn,5,3,2,20,1,1
11057,cn,4,1,2,18,1,1
11058,cn,7,6,2,30,2,1
11061,cn,6,8,2,40,2,1
11063,cn,,,,31,2,0
11065,cn,7,3,2,34,1,0
11067,cn,,,,45,1,1
11069,cn,6,6,2,25,2,0
11071,cn,6,5,2,32,2,1
11076,cn,6,7,2,31,2,1
11082,cn,7,7,2,26,1,1
11083,cn,6,6,,25,1,1
11085,cn,6,1,2,43,1,0
11088,cn,6,5,2,45,2,0
11090,cn,7,2,2,30,1,1
11097,cn,6,5,2,26,2,1
11098,cn,,,,36,1,1
11107,cn,6,6,2,32,2,1
11111,cn,6,4,2,34,1,1
11119,cn,6,5,,22,2,1
11131,cn,5,7,2,19,2,0
11133,cn,5,4,2,22,1,1
11139,cn,,,,20,1,1
11142,cn,4,5,2,18,2,1
11146,cn,6,4,1,36,1,1
11147,cn,6,7,1,40,1,1
11152,cn,7,7,2,29,2,1
11163,cn,6,4,2,36,1,1
11176,cn,6,5,2,19,2,1
11180,cn,6,8,2,34,2,1
11194,cn,6,6,2,30,1,0
11203,cn,5,8,2,30,1,1
11210,cn,,,,35,1,0
11211,cn,,,,25,1,1
11216,cn,6,8,2,40,2,1
11223,cn,,,,51,2,0
11227,cn,6,4,2,37,1,0
11229,cn,6,8,2,20,2,0
11233,cn,6,5,2,34,2,1
11236,cn,,,,18,2,1
11240,cn,5,7,2,19,2,1
11242,cn,,,,24,1,1
11247,cn,,,,26,2,1
11249,cn,,,,37,2,1
11250,cn,7,8,2,34,1,0
11251,cn,,,,23,1,1
11252,cn,4,7,2,33,2,1
11254,cn,,,,32,1,0
11259,cn,6,6,2,28,1,0
11263,cn,6,1,2,24,1,0
11268,cn,6,3,2,36,2,1
11269,cn,6,5,2,20,1,1
11272,cn,,,,19,1,1
11284,cn,3,3,2,31,2,1
11286,cn,6,4,2,21,1,1
11289,cn,3,3,2,31,2,1
11296,cn,6,1,2,43,1,1
11305,cn,5,5,2,21,1,1
11307,cn,6,5,2,21,2,1
11309,cn,4,7,2,22,1,1
11319,cn,,,,29,2,1
11325,cn,5,7,2,31,1,0
11330,cn,5,4,1,32,2,1
11332,cn,,,,35,1,1
11333,cn,3,5,2,35,1,1
11338,cn,6,6,2,31,2,1
11340,cn,5,6,2,30,1,1
11343,cn,,,,41,2,0
11347,cn,6,4,2,25,1,0
11348,cn,6,5,2,32,2,1
11349,cn,6,5,2,45,2,1
11353,cn,,,,31,1,0
11360,cn,,,,22,2,1
11362,cn,4,4,2,32,2,1
11363,cn,,,,30,2,0
11371,cn,6,4,2,21,2,1
11378,cn,4,2,2,21,1,1
11381,cn,6,6,2,26,2,1
11384,cn,,,,21,1,1
11385,cn,3,1,2,36,1,1
11387,cn,6,3,2,36,2,1
11391,cn,5,10,2,23,1,1
11395,cn,6,6,2,24,2,1
11396,cn,7,7,2,44,2,0
11399,cn,6,6,2,20,2,1
11401,cn,7,8,2,26,1,1
11402,cn,,,,36,2,0
11410,cn,,,,23,2,1
11411,cn,7,6,2,23,2,0
11414,cn,5,5,2,30,1,1
11415,cn,4,7,2,36,1,0
11418,cn,5,5,2,42,2,1
11419,cn,7,7,2,22,1,1
11424,cn,,,,40,2,1
11425,cn,6,2,2,31,1,1
11427,cn,6,6,2,29,1,0
11429,cn,,,,26,1,1
11430,cn,,,,21,2,1
11432,cn,,,,18,1,1
11434,cn,6,8,2,40,2,1
11437,cn,7,10,1,32,2,1
11439,cn,4,8,2,20,1,1
11443,cn,4,4,1,18,1,1
11446,cn,,,,18,2,1
11448,cn,,,,18,2,1
11449,cn,6,7,2,34,2,0
11454,cn,,,,32,1,0
11457,cn,6,7,2,30,1,0
11459,cn,6,7,2,20,1,0
11460,cn,5,7,2,28,1,1
11466,cn,6,7,2,28,2,1
11467,cn,5,3,2,27,1,1
11472,cn,6,3,,28,1,1
11474,cn,,,,35,2,1
11477,cn,6,6,2,18,2,1
11478,cn,,,,28,2,1
11479,cn,4,4,2,18,2,1
11483,cn,6,6,1,20,1,1
11485,cn,6,6,2,48,2,1
11497,cn,7,6,2,40,2,1
11499,cn,6,3,2,23,1,1
11500,cn,7,7,2,31,1,1
11502,cn,4,4,,18,1,1
11505,cn,6,7,2,32,2,1
11506,cn,,,,22,1,1
11513,cn,6,7,2,38,1,1
11523,cn,,,,21,2,1
11529,cn,6,5,2,20,1,1
11531,cn,4,3,2,19,2,1
11532,cn,4,3,2,30,1,1
11536,cn,6,4,2,25,1,1
11538,cn,4,6,2,33,1,1
11539,cn,,,,18,1,1
11540,cn,6,5,2,24,2,1
11541,cn,,,,33,1,1
11546,cn,,,,19,1,1
11548,cn,6,4,2,26,2,1
11555,cn,6,8,2,31,2,0
11560,cn,6,7,2,57,2,1
11561,cn,,,,19,2,1
11563,cn,5,5,2,20,2,1
11571,cn,6,6,2,33,1,1
11572,cn,5,7,2,22,1,1
11574,cn,7,8,2,41,2,0
11575,cn,6,8,2,31,1,1
11579,cn,5,3,2,52,1,0
11592,cn,,,,31,2,1
11593,cn,6,6,2,23,2,1
11594,cn,6,7,2,37,1,1
11595,cn,6,7,2,29,2,1
11596,cn,6,5,2,35,2,1
13485,cn,,,,18,1,1
13636,cn,,,,41,1,1
14247,cn,,,,26,1,1
14426,cn,4,7,2,27,1,1
14436,cn,6,5,2,26,2,1
14676,cn,,,,29,1,1
14711,cn,1,1,1,18,1,1
14737,cn,,,,21,1,1
14739,cn,,,,33,1,1
14761,cn,,,,22,1,1
14780,cn,,,,30,1,1
14837,cn,,,,18,1,1
14861,cn,,,,18,2,1
14882,cn,6,4,2,25,1,1
14895,cn,6,7,2,26,2,0
14900,cn,4,5,2,25,2,1
14953,cn,5,4,2,51,1,1
14957,cn,,,,57,2,1
14968,cn,6,7,1,33,1,1
15002,cn,,,,24,2,1
15009,cn,6,6,,20,2,1
15020,cn,6,6,2,26,1,1
15028,cn,6,7,2,24,2,1
15034,cn,5,5,2,18,2,1
15038,cn,4,6,2,24,1,1
15048,cn,6,9,1,20,2,1
15058,cn,5,6,2,25,2,1
15064,cn,6,5,2,33,1,1
15078,cn,6,8,2,40,2,1
15087,cn,6,3,2,38,2,1
15088,cn,4,3,2,48,1,1
15092,cn,6,4,2,38,2,1
15095,cn,7,3,2,29,1,1
15097,cn,6,5,2,26,2,1
15103,cn,,,,48,2,1
15110,cn,4,5,1,32,1,1
15115,cn,,,,30,1,1
15117,cn,6,3,2,38,2,1
15123,cn,7,10,2,41,2,1
15124,cn,4,5,2,34,2,1
15127,cn,,,,34,1,1
15130,cn,4,9,2,19,1,1
15135,cn,6,5,2,25,1,1
15137,cn,4,4,,31,1,1
15139,cn,6,3,2,38,2,1
15140,cn,6,8,2,40,2,1
15143,cn,4,5,2,40,1,1
15153,cn,6,4,2,38,2,1
15155,cn,5,4,2,22,2,1
15178,cn,,,,40,2,1
15185,cn,,,,40,2,1
15187,cn,,,,29,2,1
15188,cn,,,,29,2,1
15194,cn,3,6,2,19,2,1
15197,cn,6,5,2,25,2,1
15199,cn,5,2,2,29,2,1
15203,cn,5,4,2,20,1,1
15208,cn,6,6,2,25,2,1
15209,cn,7,7,2,28,2,1
15215,cn,,,,22,1,1
15217,cn,,,,23,1,1
15218,cn,6,5,2,20,2,1
15225,cn,7,9,2,35,2,1
15228,cn,6,5,2,20,2,1
15233,cn,5,5,2,19,2,1
15240,cn,7,10,2,20,1,1
15248,cn,6,7,2,21,1,1
15254,cn,6,6,2,23,1,1
15256,cn,6,5,2,26,1,1
15257,cn,4,4,2,40,2,1
15258,cn,,,,31,1,1
15264,cn,4,6,2,30,1,1
15272,cn,6,8,2,42,1,0
15278,cn,4,4,2,59,2,1
15285,cn,6,5,2,40,2,0
15286,cn,6,3,,19,1,1
15291,cn,6,8,2,36,1,1
15292,cn,6,6,2,25,1,1
15293,cn,4,4,2,40,1,1
15302,cn,6,3,2,23,2,1
15304,cn,6,8,2,40,2,1
15305,cn,6,9,2,42,2,1
15307,cn,,,,23,2,1
15311,cn,6,6,2,39,2,1
15312,cn,5,5,2,35,2,1
15318,cn,5,8,2,43,1,1
15320,cn,6,6,2,35,2,1
15321,cn,,,,19,2,0
15324,cn,6,8,2,35,2,1
15325,cn,5,6,2,37,1,1
15330,cn,6,7,2,18,2,1
15331,cn,4,4,2,18,1,1
15334,cn,4,6,2,18,1,1
15336,cn,4,5,2,19,2,1
15338,cn,5,6,2,21,2,1
15339,cn,6,7,2,32,1,0
15342,cn,4,4,2,27,1,1
15344,cn,,,,29,1,1
15350,cn,,,,31,1,1
15354,cn,6,7,2,36,2,1
15357,cn,,,,23,1,1
15360,cn,6,5,2,24,2,1
15363,cn,6,7,2,38,2,1
15368,cn,,,,45,1,1
15370,cn,6,6,2,35,2,1
15373,cn,6,6,2,23,2,1
15378,cn,,,,19,2,1
15380,cn,4,6,1,41,1,1
15381,cn,7,7,2,46,1,0
15382,cn,3,2,2,22,2,1
15385,cn,,,,24,1,1
15388,cn,6,7,2,24,1,1
15390,cn,6,5,2,37,1,0
15392,cn,7,6,2,70,1,1
15393,cn,6,7,2,24,2,1
15396,cn,5,4,2,18,2,1
15397,cn,6,4,2,35,1,1
15398,cn,,,,18,2,1
15399,cn,,,,35,2,1
15404,cn,5,7,2,22,1,1
15406,cn,6,8,2,21,2,0
15407,cn,,,,39,1,1
15409,cn,,,,18,1,1
15412,cn,,,,22,2,1
15417,cn,4,5,2,38,2,1
15419,cn,6,5,2,24,1,0
15420,cn,,,,36,2,1
15423,cn,,,,45,1,1
15432,cn,6,6,2,40,2,0
15435,cn,6,8,2,36,2,1
15436,cn,7,6,2,35,1,0
15441,cn,,,,38,2,0
15448,cn,,,,40,2,1
15451,cn,4,8,2,44,1,0
15460,cn,6,7,2,50,1,0
15461,cn,,,,36,2,1
15464,cn,6,6,2,40,2,0
15471,cn,6,7,2,50,1,0
15472,cn,6,7,2,58,1,0
15473,cn,7,7,2,41,1,1
15474,cn,6,1,2,44,1,1
15477,cn,6,7,2,39,1,0
15480,cn,6,7,2,53,1,0
15485,cn,6,6,2,38,1,1
15487,cn,6,7,2,39,1,0
15489,cn,6,6,2,36,1,0
15492,cn,,,,48,2,1
15502,cn,6,6,2,40,1,0
15508,cn,6,7,2,51,2,0
15509,cn,6,6,2,40,1,1
15510,cn,5,6,2,46,1,1
15512,cn,6,6,2,35,1,1
15515,cn,6,6,2,50,2,1
15517,cn,,,,40,1,0
15519,cn,5,6,2,61,1,0
15523,cn,6,6,2,36,1,1
15527,cn,6,7,2,42,1,0
15528,cn,,,,36,1,1
15529,cn,,,,38,1,1
15535,cn,,,,40,1,0
15539,cn,6,5,2,38,1,0
15540,cn,6,5,2,41,1,0
15541,cn,6,5,2,41,1,0
15546,cn,7,10,2,40,1,1
15549,cn,6,9,2,37,1,0
15550,cn,6,8,2,35,1,1
15554,cn,4,5,2,48,1,1
15569,cn,,,,35,1,1
15570,cn,7,9,1,42,1,1
15575,cn,,,,56,1,1
15576,cn,6,6,,50,2,1
15583,cn,4,6,2,58,1,0
15585,cn,,,,39,1,1
15586,cn,6,5,2,49,1,0
15602,cn,6,7,2,39,1,0
15607,cn,,,,40,1,1
15608,cn,6,6,1,40,1,1
15609,cn,,,,48,2,1
15614,cn,,,,41,1,1
15620,cn,,,,54,1,1
15621,cn,6,7,1,35,1,1
15622,cn,,,,52,1,1
15625,cn,,,,40,1,1
15633,cn,,,,43,1,0
15638,cn,4,5,2,43,1,1
15894,cn,,,,38,1,1
16434,cn,6,5,2,36,1,1
16444,cn,6,3,2,46,2,0
16497,cn,6,8,1,60,1,1
16956,cn,6,8,2,51,2,1
17089,cn,,,,43,1,1
17130,cn,7,7,2,46,2,0
17260,cn,6,6,2,39,1,0
17436,cn,5,5,2,50,1,0
17528,cn,6,3,2,48,1,1
17556,cn,5,3,2,40,1,0
17588,cn,6,7,2,39,1,1
17682,cn,,,,40,1,0
17700,cn,7,6,2,55,2,0
17707,cn,,,,39,1,1
17739,cn,5,5,2,36,1,0
17756,cn,6,6,2,38,1,1
17781,cn,6,5,2,36,1,0
17804,cn,6,6,2,50,1,0
17807,cn,,,,56,2,1
17837,cn,,,,67,2,0
17943,cn,6,5,2,42,1,1
18038,cn,6,6,2,36,1,1
18063,cn,6,4,2,45,2,0
18115,cn,6,3,1,38,1,1
18202,cn,4,4,2,45,1,0
18206,cn,5,7,2,56,1,1
18210,cn,6,7,2,50,1,0
18233,cn,6,5,2,36,1,1
18370,cn,7,5,2,40,1,1
18380,cn,6,7,2,36,1,1
18490,cn,6,6,2,37,1,0
18495,cn,6,3,2,46,2,0
18547,cn,6,7,2,46,1,0
18555,cn,,,,40,1,1
18577,cn,6,7,2,47,2,0
18581,cn,,,,45,1,1
18589,cn,4,3,2,42,1,0
18602,cn,7,9,2,46,1,0
18618,cn,6,5,2,48,1,0
18630,cn,6,6,2,39,1,1
18633,cn,6,5,2,39,1,1
18634,cn,,,,35,1,0
18644,cn,7,5,2,37,1,1
18650,cn,6,5,2,39,1,1
18682,cn,,,,67,1,0
18704,cn,3,4,,37,1,1
18713,cn,,,,41,1,0
18726,cn,6,7,2,44,1,0
18738,cn,,,,39,1,0
18750,cn,6,7,2,37,1,0
18756,cn,,,,46,1,0
18758,cn,,,,45,1,0
18766,cn,6,5,2,41,1,0
18785,cn,6,7,1,48,1,0
18790,cn,7,7,2,45,1,1
18791,cn,3,7,2,41,1,1
18797,cn,7,7,1,41,1,0
18799,cn,6,7,2,38,1,1
18800,cn,4,3,2,65,1,0
18802,cn,6,7,2,45,1,0
18807,cn,,,,45,2,1
18809,cn,,,,36,1,1
18813,cn,6,7,2,37,1,0
18826,cn,,,,35,1,1
18839,cn,,,,41,1,1
18841,cn,6,7,2,50,1,0
18843,cn,,,,36,1,1
18847,cn,4,7,2,58,2,0
18849,cn,5,6,2,36,1,1
18855,cn,,,,35,1,1
18856,cn,,,,38,1,1
18862,cn,5,4,2,48,1,1
18870,cn,5,3,2,38,1,1
18965,cn,6,3,2,43,1,0
19269,cn,,,,36,1,1
19753,cn,,,,37,1,1
20026,cn,,,,35,1,1
20056,cn,6,9,,35,1,1
20167,cn,2,8,2,36,1,1
20208,cn,7,7,2,61,1,1
20370,cn,,,,38,1,1
20466,cn,,,,36,1,1
20500,cn,6,5,2,38,1,1
20671,cn,6,8,2,35,1,1
20708,cn,,,,49,1,1
20735,cn,6,5,2,50,1,1
20777,cn,6,6,2,39,1,0
20949,cn,6,6,2,36,1,1
20964,cn,3,5,2,35,1,1
20970,cn,4,4,2,56,2,1
21006,cn,4,5,2,38,1,1
21038,cn,,,,43,1,1
21048,cn,2,1,2,50,2,1
21076,cn,3,7,2,51,1,1
21083,cn,6,7,2,39,1,1
21131,cn,4,5,2,38,1,1
21139,cn,7,7,2,43,1,0
21141,cn,7,10,2,46,1,0
21156,cn,7,7,2,45,2,1
21164,cn,4,6,2,35,1,1
21219,cn,,,,45,2,1
21225,cn,4,10,1,49,2,1
21252,cn,6,6,2,39,1,1
21273,cn,6,9,2,38,1,1
21287,cn,6,3,,35,1,1
21331,cn,5,7,,38,1,1
21339,cn,6,7,2,42,1,0
21366,cn,4,5,2,41,1,1
21474,cn,,,,23,1,1
21475,cn,3,4,2,18,2,0
21482,cn,5,5,2,20,1,0
21495,cn,3,5,2,21,1,0
21496,cn,5,7,2,19,2,1
21503,cn,4,10,2,19,1,1
21504,cn,5,6,2,20,2,1
21505,cn,6,4,2,19,1,1
21506,cn,,,,40,2,1
21510,cn,,,,27,1,1
21514,cn,6,7,2,31,1,1
21515,cn,7,8,2,28,1,1
21516,cn,3,1,1,20,1,1
21520,cn,6,6,2,30,2,0
21522,cn,,,,34,2,1
21533,cn,7,7,1,26,2,1
21534,cn,6,5,2,29,2,1
21537,cn,6,3,2,21,2,1
21543,cn,6,7,2,20,1,1
21550,cn,7,8,2,21,1,0
21561,cn,,,,31,1,1
21562,cn,5,4,2,46,1,1
21563,cn,6,3,2,39,1,1
21564,cn,6,7,2,29,1,0
21565,cn,7,6,2,21,2,1
21573,cn,6,5,2,36,1,1
21579,cn,6,7,2,26,2,1
21581,cn,5,10,2,23,1,1
21585,cn,2,6,,55,2,1
21586,cn,,,,18,1,1
21587,cn,,,,21,1,0
21591,cn,,,,23,1,1
21610,cn,,,,40,2,1
21611,cn,6,8,2,26,1,1
21612,cn,,,,20,2,1
21617,cn,6,6,2,39,1,1
21642,cn,4,4,2,48,1,1
21672,cn,4,1,1,24,2,1
21705,cn,6,7,2,25,1,0
21717,cn,7,6,2,34,2,1
21966,cn,4,1,2,18,1,1
22024,cn,,,,30,1,0
22196,cn,6,5,2,33,2,0
22356,cn,6,5,2,30,2,0
22404,cn,6,6,2,35,2,1
22432,cn,6,6,2,28,2,0
22444,cn,3,4,2,20,1,1
22463,cn,6,8,2,40,2,1
22495,cn,7,5,2,19,1,1
22574,cn,7,9,2,32,1,0
22580,cn,6,5,2,25,2,1
22600,cn,,,,28,1,1
22612,cn,,,,31,1,1
22642,cn,6,7,2,19,2,1
22723,cn,,,,36,2,1
22779,cn,,,,33,1,1
22786,cn,6,6,1,26,1,1
22813,cn,4,6,2,21,1,1
22824,cn,5,5,2,20,1,1
22844,cn,6,5,2,21,2,1
22856,cn,6,7,2,21,2,1
22864,cn,6,7,2,36,1,1
22867,cn,6,6,2,33,1,1
22909,cn,7,7,2,27,2,0
22930,cn,,,,32,2,1
22986,cn,5,6,2,44,2,0
23025,cn,3,6,,20,2,1
23082,cn,4,5,2,35,2,1
23189,cn,7,8,2,20,2,1
23214,cn,,,,32,2,0
23261,cn,6,6,2,35,2,1
23360,cn,5,5,2,20,2,1
23364,cn,7,4,2,25,2,0
23421,cn,6,7,,37,1,1
23422,cn,,,,23,1,1
23449,cn,,,,22,2,1
23465,cn,6,7,2,20,1,0
23485,cn,6,8,2,40,2,1
23492,cn,6,6,2,36,2,1
23501,cn,4,2,2,42,2,1
23503,cn,6,7,2,32,2,1
23508,cn,5,8,2,25,2,1
23511,cn,5,4,2,26,1,1
23526,cn,6,3,2,19,2,1
23539,cn,5,10,1,23,1,1
23543,cn,6,8,2,30,2,1
23557,cn,,,,21,1,1
23567,cn,,,,32,1,1
23574,cn,6,5,2,20,2,1
23580,cn,5,7,2,22,2,1
23583,cn,,,,22,1,1
23589,cn,6,7,2,22,2,1
23592,cn,6,4,2,18,2,1
23604,cn,6,6,1,35,2,1
23610,cn,6,6,2,30,1,1
23615,cn,4,1,2,20,1,1
23621,cn,4,4,2,19,1,1
23634,cn,,,,28,1,1
23678,cn,,,,25,1,1
23682,cn,,,,21,1,0
23686,cn,6,5,2,36,1,1
23688,cn,,,,23,1,1
23711,cn,6,4,2,32,2,1
23721,cn,,,,34,2,0
23735,cn,6,4,2,30,2,1
23737,cn,,,,32,1,1
23740,cn,,,,22,1,1
23745,cn,,,,40,2,1
23759,cn,6,6,2,39,2,0
23769,cn,6,9,2,20,1,0
23780,cn,6,3,2,35,2,1
23793,cn,6,6,2,35,2,1
23802,cn,4,1,2,29,1,1
23812,cn,6,3,2,27,1,1
23819,cn,5,5,1,41,2,1
23826,cn,6,6,2,36,2,1
23830,cn,4,3,2,21,2,1
23844,cn,6,6,2,26,2,1
23847,cn,3,3,2,18,1,1
23849,cn,,,,36,2,0
23854,cn,5,6,2,24,1,1
23857,cn,6,7,2,30,2,0
23859,cn,7,7,2,47,1,1
23863,cn,7,8,2,25,2,1
23865,cn,6,7,2,22,2,0
23874,cn,6,7,2,28,2,1
23875,cn,,,,33,1,1
23897,cn,7,6,1,42,2,1
23908,cn,5,5,2,18,1,1
23922,cn,3,2,2,18,1,1
23932,cn,6,5,2,27,2,0
23940,cn,6,5,1,22,2,1
23950,cn,,,,23,1,1
23971,cn,4,6,2,23,2,1
23977,cn,,,,38,1,1
23978,cn,5,5,2,20,2,1
23992,cn,6,6,2,35,2,1
23996,cn,,,,25,1,1
23997,cn,,,,42,2,1
24005,cn,,,,28,1,1
24018,cn,6,8,2,27,2,1
24041,cn,6,6,2,31,2,0
24043,cn,3,3,2,28,2,1
24063,cn,1,4,,18,1,1
24065,cn,6,7,2,22,2,1
24070,cn,,,,19,2,1
24071,cn,6,8,1,23,1,0
24073,cn,6,8,2,27,1,1
24082,cn,,,,30,1,1
24087,cn,7,8,2,34,1,0
24112,cn,,,,22,1,1
24119,cn,5,5,2,21,2,1
24137,cn,6,7,2,35,2,1
24153,cn,4,3,2,20,2,1
24155,cn,5,5,2,32,1,1
24160,cn,5,5,2,20,2,0
24163,cn,6,8,2,40,2,1
24166,cn,5,5,2,18,2,1
24168,cn,5,5,2,18,1,1
24177,cn,6,3,2,35,2,0
24211,cn,6,7,2,32,1,0
24218,cn,7,8,2,46,1,0
24224,cn,6,7,2,26,2,1
24232,cn,,,,19,1,1
24235,cn,7,7,2,26,1,1
24240,cn,6,3,2,36,1,1
24247,cn,6,9,2,20,1,1
24248,cn,6,6,2,35,2,1
24261,cn,6,7,1,33,2,1
24264,cn,6,6,2,24,2,1
24266,cn,4,5,2,29,2,1
24270,cn,,,,21,1,1
24281,cn,6,2,2,25,2,1
24282,cn,,,,30,1,1
24284,cn,6,6,2,26,1,1
24292,cn,,,,35,2,1
24294,cn,,,,19,2,1
24310,cn,6,6,2,35,2,1
24314,cn,6,8,2,32,1,1
24316,cn,5,7,2,21,1,1
24327,cn,6,8,2,29,1,0
24338,cn,,,,25,1,1
24341,cn,,,,21,1,0
24346,cn,7,10,,18,1,1
24356,cn,,,,30,2,1
24360,cn,5,6,,37,1,1
24361,cn,,,,24,1,1
24362,cn,7,4,2,30,2,1
24363,cn,6,4,2,32,2,1
24365,cn,,,,25,1,1
24374,cn,6,4,2,29,2,0
24375,cn,6,7,2,39,1,0
24379,cn,6,6,2,35,2,1
24387,cn,4,5,2,21,1,1
24404,cn,6,7,2,22,2,1
24408,cn,6,7,2,31,1,1
24415,cn,6,6,2,28,2,0
24418,cn,,,,20,1,1
24419,cn,6,6,2,31,2,0
24424,cn,6,8,2,20,1,0
24425,cn,6,6,2,26,2,1
24438,cn,6,6,2,30,2,1
24443,cn,4,4,1,19,1,1
24446,cn,6,7,2,25,1,1
24450,cn,5,8,2,54,1,0
24455,cn,6,8,2,31,2,1
24467,cn,6,4,2,31,2,0
24478,cn,6,4,2,25,1,0
24481,cn,,,,19,1,1
24491,cn,6,6,1,27,1,0
24494,cn,6,8,2,40,2,1
24500,cn,,,,31,1,0
24502,cn,6,3,2,28,1,0
24503,cn,7,10,2,24,1,1
24505,cn,6,6,2,32,2,1
24531,cn,,,,29,1,1
24534,cn,,,,30,2,1
24542,cn,6,5,2,25,2,1
24543,cn,6,7,2,24,2,0
24547,cn,,,,26,2,1
24552,cn,6,7,,31,2,1
24553,cn,,,,33,1,0
24555,cn,4,3,2,26,1,1
24556,cn,6,8,2,30,1,0
24563,cn,5,7,2,28,1,1
24569,cn,6,5,2,35,2,0
24588,cn,4,6,2,48,1,1
24590,cn,7,6,2,39,1,1
24591,cn,6,6,2,35,2,1
24602,cn,5,5,2,43,2,1
24630,cn,6,6,2,26,1,1
24633,cn,6,6,2,46,2,0
24640,cn,6,5,2,39,1,1
24645,cn,6,8,2,32,1,1
24669,cn,,,,20,1,1
24673,cn,6,6,2,35,2,1
24677,cn,,,,39,1,1
24695,cn,6,6,2,28,1,0
24697,cn,5,7,2,21,2,1
24708,cn,,,,21,2,1
24716,cn,6,7,2,22,2,1
24717,cn,6,8,2,40,2,1
24722,cn,6,4,2,24,1,1
24725,cn,4,8,2,22,2,1
24734,cn,7,4,2,29,1,1
24737,cn,4,5,2,18,2,1
24738,cn,6,6,2,27,1,0
24750,cn,,,,37,1,1
24756,cn,5,2,2,24,1,1
24757,cn,,,,21,1,1
24765,cn,6,4,2,24,1,1
24769,cn,6,7,2,26,1,1
24786,cn,4,7,1,18,2,0
24787,cn,6,5,2,23,2,0
24788,cn,,,,19,2,1
24793,cn,5,4,2,20,1,1
24795,cn,4,5,2,22,2,1
24799,cn,6,6,2,39,2,1
24806,cn,,,,31,1,1
24811,cn,6,6,1,38,1,1
24814,cn,,,,19,2,1
24842,cn,3,5,2,19,1,1
24859,cn,4,3,1,19,2,0
24864,cn,5,3,2,20,2,1
24867,cn,6,8,2,27,1,1
24891,cn,7,2,2,23,1,1
24893,cn,4,6,2,22,2,1
24895,cn,6,3,,20,2,1
24897,cn,,,,22,1,1
24908,cn,5,5,2,21,2,1
24913,cn,6,5,2,40,1,1
24923,cn,,,,21,1,0
24929,cn,,,,21,1,1
24942,cn,,,,19,1,1
24959,cn,,,,22,1,1
24992,cn,6,6,,20,2,1
25008,cn,6,4,2,52,1,0
25016,cn,6,8,2,39,1,1
25036,cn,4,5,2,43,1,1
25043,cn,,,,39,1,1
25072,cn,6,6,2,43,1,1
25095,cn,6,7,2,48,2,0
25111,cn,6,5,2,38,1,1
25118,cn,6,6,2,39,1,1
25176,cn,6,6,2,35,1,1
25191,cn,,,,37,1,1
25223,cn,6,5,2,35,1,1
25277,cn,4,3,2,41,1,1
25281,cn,5,6,2,36,1,0
25292,cn,4,6,2,50,1,1
25301,cn,3,3,2,39,1,0
25310,cn,,,,36,1,1
25330,cn,,,,36,1,1
25361,cn,6,6,2,39,1,1
25368,cn,3,6,2,44,1,1
25382,cn,,,,45,1,0
25383,cn,6,8,2,42,1,1
25391,cn,6,6,2,35,1,1
25406,cn,7,4,2,41,1,1
25417,cn,,,,41,1,1
25443,cn,,,,55,1,1
25448,cn,5,4,2,35,1,1
25463,cn,,,,39,1,0
25471,cn,6,8,2,36,1,0
25484,cn,7,7,2,35,1,0
25491,cn,6,6,2,40,1,1
25492,cn,4,3,2,41,1,1
25514,cn,7,7,2,46,1,1
26364,cn,7,7,2,29,1,1
26517,cn,6,10,1,23,1,1
26854,cn,6,5,1,19,1,0
26941,cn,6,8,2,30,2,1
26961,cn,,,,38,2,1
26971,cn,,,,19,1,1
27009,cn,,,,19,2,1
27047,cn,3,5,1,18,1,1
27092,cn,4,5,2,20,2,1
27109,cn,,,,26,2,1
27157,cn,4,4,2,29,1,1
27183,cn,,,,21,1,1
27193,cn,5,8,1,25,1,1
27254,cn,,,,31,2,1
27367,cn,3,3,2,18,1,1
27411,cn,,,,24,1,1
27514,cn,,,,28,1,1
27523,cn,,,,36,1,1
27586,cn,3,1,2,27,1,1
27609,cn,3,3,2,24,1,1
27621,cn,,,,22,1,1
27649,cn,,,,30,1,1
27686,cn,7,9,2,28,2,1
27702,cn,5,7,2,27,1,0
27735,cn,,,,29,2,1
27736,cn,6,6,2,20,1,1
27786,cn,3,4,2,23,2,1
27800,cn,,,,23,2,1
27805,cn,4,4,2,23,2,1
27815,cn,,,,31,1,1
27849,cn,,,,23,1,1
27869,cn,6,8,2,46,1,1
27874,cn,4,6,2,22,1,1
27875,cn,6,7,2,32,1,1
27879,cn,5,7,2,21,1,1
27886,cn,6,5,2,27,2,1
27911,cn,,,,20,1,1
27926,cn,7,8,2,26,2,1
27939,cn,6,1,2,27,1,1
27943,cn,6,4,1,34,1,1
27954,cn,,,,21,1,1
27955,cn,,,,20,1,1
27965,cn,5,5,2,21,1,1
27970,cn,4,6,1,28,1,1
27971,cn,3,5,2,54,2,1
27973,cn,,,,24,1,1
28020,cn,5,5,2,20,2,1
28030,cn,7,7,2,18,2,1
28058,cn,,,,45,1,0
28066,cn,,,,36,1,1
28077,cn,5,5,2,28,2,1
28079,cn,6,4,2,30,2,1
28080,cn,4,7,2,18,1,1
28082,cn,4,1,,25,2,1
28085,cn,6,7,2,33,2,1
28124,cn,,,,24,2,1
28128,cn,5,5,1,31,2,1
28130,cn,,,,22,1,1
28137,cn,,,,22,1,1
28142,cn,6,7,2,33,1,1
28143,cn,6,7,2,33,1,0
28145,cn,6,8,2,40,2,1
28146,cn,6,8,1,24,2,1
28149,cn,5,2,2,22,2,1
28156,cn,6,5,2,27,1,0
28159,cn,5,4,2,24,1,1
28166,cn,6,4,2,35,2,1
28170,cn,,,,22,1,1
28172,cn,5,4,1,22,2,1
28174,cn,4,7,2,18,2,1
28176,cn,,,,35,2,1
28177,cn,5,6,2,24,1,1
28187,cn,7,10,2,23,2,1
28189,cn,6,7,2,24,1,1
28190,cn,,,,39,2,1
28191,cn,7,8,2,31,2,1
28194,cn,6,6,2,21,1,1
28204,cn,6,4,2,26,2,1
28211,cn,6,4,2,43,1,1
28213,cn,6,8,2,18,1,1
28219,cn,4,2,2,40,2,1
28223,cn,6,7,2,37,2,1
28227,cn,4,3,2,27,1,1
28229,cn,6,8,2,40,2,1
28243,cn,4,4,2,43,2,1
28248,cn,6,6,2,35,2,1
28253,cn,,,,23,1,1
28258,cn,6,5,2,18,2,1
28261,cn,7,5,2,50,1,1
28264,cn,6,7,2,23,1,0
28266,cn,6,3,2,38,2,1
28268,cn,6,8,2,40,2,1
28269,cn,6,8,2,25,1,1
28272,cn,6,3,1,38,2,1
28283,cn,6,6,2,39,2,1
28289,cn,,,,44,1,0
28291,cn,6,5,2,29,1,1
28292,cn,,,,20,1,1
28293,cn,,,,22,1,1
28296,cn,6,5,2,23,2,0
28299,cn,6,8,2,21,2,1
28303,cn,6,9,2,40,2,1
28304,cn,6,8,2,24,1,1
28305,cn,,,,25,1,1
28310,cn,6,3,2,25,1,1
28311,cn,7,8,2,38,1,1
28314,cn,3,8,2,53,2,1
28315,cn,6,8,2,38,2,1
28317,cn,4,4,2,26,1,1
28318,cn,7,5,2,32,1,1
28320,cn,,,,46,2,1
28321,cn,6,3,2,27,1,1
28322,cn,,,,45,1,1
28324,cn,5,7,2,22,1,1
28331,cn,5,6,2,21,1,0
28333,cn,,,,25,1,1
28335,cn,,,,44,1,0
28336,cn,,,,27,1,1
28337,cn,7,7,2,23,2,1
28338,cn,7,9,2,21,2,1
28339,cn,,,,25,1,1
28344,cn,5,5,2,34,1,1
28357,cn,7,7,2,20,1,0
28358,cn,6,8,2,40,2,1
28360,cn,6,5,2,37,2,1
28361,cn,6,7,2,49,2,0
28362,cn,5,1,2,18,2,1
28363,cn,3,1,2,27,1,1
28364,cn,7,6,2,41,1,0
28367,cn,4,3,2,37,2,1
28368,cn,,,,19,1,1
28373,cn,7,7,2,24,1,1
28374,cn,6,5,2,22,1,1
28381,cn,6,5,2,36,2,1
28382,cn,,,,18,1,1
28383,cn,6,8,2,23,2,1
28385,cn,,,,50,2,1
28386,cn,6,3,1,38,2,1
28387,cn,,,,20,1,1
28388,cn,,,,41,2,0
28389,cn,6,7,2,36,1,1
28390,cn,,,,46,1,1
28391,cn,,,,18,1,1
28393,cn,,,,35,2,1
28394,cn,6,6,2,22,1,0
28395,cn,6,6,2,43,2,1
28397,cn,,,,50,2,1
28398,cn,,,,38,2,1
28401,cn,,,,52,1,1
28404,cn,6,7,,50,2,1
28408,cn,6,7,2,22,2,1
28409,cn,4,1,2,23,2,1
28410,cn,,,,59,1,0
28411,cn,6,3,2,38,2,1
28415,cn,6,6,2,24,2,1
28417,cn,5,5,1,35,2,1
28420,cn,5,6,2,21,2,1
28421,cn,5,4,2,45,1,1
28426,cn,6,8,2,38,1,1
28431,cn,6,4,2,36,2,1
28432,cn,6,4,2,38,2,1
28445,cn,,,,40,2,1
28449,cn,5,6,2,36,1,1
28450,cn,,,,35,2,1
28453,cn,4,4,2,36,2,1
28455,cn,6,6,2,35,2,1
28458,cn,6,6,2,35,1,0
28460,cn,6,8,2,40,2,1
28462,cn,4,5,2,35,1,1
28463,cn,3,6,2,36,2,1
28477,cn,3,6,2,42,2,1
28480,cn,4,3,,45,2,1
28486,cn,,,,45,2,1
28530,cn,,,,59,2,1
28586,cn,,,,51,1,1
28631,cn,,,,48,2,1
28779,cn,4,6,2,36,1,1
28798,cn,6,6,2,41,2,1
28812,cn,6,7,2,39,1,0
28832,cn,6,5,2,23,2,1
28862,cn,6,4,2,20,2,0
28876,cn,6,6,2,39,2,1
28904,cn,,,,18,1,1
28933,cn,,,,50,2,1
28953,cn,,,,19,1,1
28963,cn,3,5,2,19,1,1
28964,cn,4,9,2,19,2,1
28965,cn,5,5,1,22,2,1
28983,cn,6,7,2,29,1,0
28991,cn,6,7,2,64,1,0
28993,cn,6,5,2,39,2,1
29058,cn,,,,22,1,1
29067,cn,4,7,2,20,2,1
29149,cn,,,,25,2,1
29209,cn,,,,35,2,1
29223,cn,,,,22,2,1
29244,cn,,,,21,1,1
29255,cn,6,8,2,21,2,0
29269,cn,,,,18,1,1
29287,cn,6,6,2,21,2,1
29297,cn,5,5,2,27,2,1
29342,cn,,,,23,1,1
29347,cn,6,8,2,33,1,0
29388,cn,6,4,2,34,2,1
29389,cn,7,9,2,31,1,0
29424,cn,6,6,2,35,1,1
29464,cn,5,10,2,19,1,1
29481,cn,4,3,2,27,1,0
29494,cn,3,3,2,33,1,1
29526,cn,6,4,2,35,1,1
29615,cn,7,6,2,42,2,0
29630,cn,6,5,2,23,1,1
29631,cn,,,,21,1,1
29633,cn,7,5,2,29,1,1
29637,cn,,,,26,1,1
29651,cn,,,,23,1,1
29661,cn,5,7,2,27,1,1
29672,cn,,,,18,1,1
29676,cn,6,6,2,39,2,1
29684,cn,,,,23,1,0
29699,cn,,,,65,2,1
29701,cn,6,6,2,23,1,1
29767,cn,6,6,2,35,2,1
29769,cn,6,5,2,43,1,1
29806,cn,,,,18,1,1
29833,cn,6,8,2,19,1,1
29851,cn,,,,45,1,1
29876,cn,6,5,2,36,1,1
29899,cn,6,5,2,36,2,1
29908,cn,,,,45,1,1
29912,cn,,,,19,1,1
29921,cn,,,,22,1,1
29926,cn,3,5,1,18,1,1
29959,cn,,,,99,2,0
29972,cn,6,6,2,53,1,0
29994,cn,,,,35,1,1
30016,cn,6,9,2,37,2,1
30060,cn,4,5,2,58,2,1
30067,cn,6,6,2,35,2,1
30075,cn,7,8,2,36,2,1
30096,cn,7,8,2,36,1,1
30099,cn,,,,38,2,0
30117,cn,,,,51,1,0
30124,cn,6,3,2,68,1,1
30144,cn,4,2,1,52,1,1
30150,cn,6,10,2,36,2,1
30156,cn,6,7,2,37,1,1
30178,cn,7,8,2,37,2,0
30180,cn,6,6,2,35,2,1
30206,cn,6,3,2,35,1,1
30213,cn,6,5,2,39,2,1
30232,cn,4,5,2,35,2,1
30240,cn,6,6,2,35,2,1
30260,cn,6,6,2,35,1,0
30269,cn,6,10,2,40,1,1
30270,cn,6,6,2,38,1,1
30276,cn,6,8,2,35,1,0
30281,cn,,,,43,1,0
30288,cn,6,7,2,38,1,0
30307,cn,6,3,2,35,2,1
30317,cn,,,,46,1,1
30326,cn,6,5,2,39,1,0
30376,cn,5,6,2,38,2,1
30388,cn,6,8,1,43,2,0
30392,cn,6,6,2,48,1,1
30433,cn,5,5,2,35,1,1
30479,cn,6,7,2,38,1,1
30490,cn,6,8,2,39,1,1
30554,cn,,,,35,1,0
30564,cn,,,,36,1,1
30618,cn,3,1,2,70,1,1
30633,cn,4,5,2,54,1,1
30696,cn,,,,41,1,1
30701,cn,6,5,2,35,1,1
30719,cn,6,7,2,49,1,1
30730,cn,,,,40,1,1
30736,cn,4,6,2,48,1,1
30771,cn,6,7,2,51,2,1
30811,cn,6,6,2,41,1,1
30860,cn,,,,55,1,1
30870,cn,,,,55,2,1
30909,cn,6,6,2,46,1,0
30918,cn,,,,56,2,0
30940,cn,6,6,2,36,1,1
30945,cn,6,7,2,52,2,0
30976,cn,,,,37,1,0
31032,cn,6,10,1,36,1,1
31060,cn,,,,40,1,1
31087,cn,7,10,2,35,1,0
31116,cn,7,9,2,47,1,0
31128,cn,7,7,2,36,1,1
31197,cn,5,6,2,94,2,1
31216,cn,,,,40,1,1
31240,cn,3,3,,36,1,1
31253,cn,,,,36,1,1
31261,cn,7,7,2,38,1,1
31291,cn,7,5,2,36,1,1
31358,cn,,,,39,1,1
31394,cn,6,6,2,36,1,1
31709,cn,6,5,,30,1,1
31832,cn,,,,20,1,1
31876,cn,6,8,2,40,2,1
31951,cn,5,5,2,20,1,1
32021,cn,6,7,2,20,2,1
32037,cn,,,,25,1,0
32053,cn,7,8,2,29,2,1
32230,cn,6,6,2,35,2,1
32232,cn,5,1,1,21,1,1
32249,cn,4,1,,21,1,1
32293,cn,,,,20,1,1
32356,cn,,,,42,1,1
32363,cn,,,,18,1,1
32395,cn,,,,20,1,1
32409,cn,,,,19,1,1
32416,cn,,,,23,1,1
32478,cn,4,5,2,18,1,1
32487,cn,,,,23,1,1
32507,cn,6,3,2,36,2,1
32533,cn,6,4,2,21,1,1
32549,cn,,,,66,1,1
32558,cn,6,5,2,63,1,0
32582,cn,5,1,2,19,1,1
32584,cn,6,10,2,23,1,1
32735,cn,,,,35,2,1
32779,cn,7,8,1,41,2,1
32820,cn,6,7,2,48,1,1
32855,cn,6,6,2,36,1,1
32873,cn,6,3,2,38,2,1
32879,cn,4,5,2,40,1,1
32894,cn,4,3,2,48,1,1
32932,cn,6,7,2,40,1,1
32934,cn,,,,37,2,1
32937,cn,6,3,2,41,2,1
32948,cn,6,8,2,39,1,1
32977,cn,6,6,2,35,2,1
32987,cn,6,7,2,41,1,1
32988,cn,7,4,2,37,2,1
32992,cn,3,1,2,35,1,1
32998,cn,,,,52,1,1
33000,cn,6,6,2,36,2,1
33001,cn,4,5,2,37,2,1
33002,cn,7,4,2,36,2,1
33004,cn,6,5,2,50,2,0
33006,cn,6,6,2,36,1,1
33017,cn,6,7,2,36,1,1
33026,cn,,,,36,1,0
33038,cn,,,,99,1,1
33040,cn,,,,43,2,1
33041,cn,4,5,2,43,2,1
33045,cn,,,,41,1,0
33047,cn,,,,50,1,1
33056,cn,5,5,2,35,1,1
33057,cn,6,7,2,39,1,1
33063,cn,6,6,2,43,1,0
33066,cn,6,7,2,35,1,1
33070,cn,6,4,2,39,1,0
33073,cn,4,4,2,70,1,0
33087,cn,4,5,2,39,1,1
33093,cn,,,,95,1,0
33101,cn,6,8,2,46,1,0
33111,cn,,,,42,1,0
33115,cn,,,,39,1,1
33120,cn,4,5,2,48,1,1
33121,cn,7,7,1,37,1,1
33128,cn,7,6,,36,1,1
33138,cn,6,5,2,36,1,1
33144,cn,,,,42,1,0
33148,cn,5,7,2,38,1,1
33153,cn,7,6,2,45,2,0
33164,cn,5,5,2,39,1,1
33166,cn,,,,38,1,0
33200,cn,,,,55,1,0
33211,cn,,,,74,1,0
33222,cn,,,,36,1,1
33274,cn,7,4,2,45,1,1
33286,cn,4,5,2,68,2,0
33296,cn,,,,55,1,1
33304,cn,4,7,2,48,1,1
33306,cn,7,3,2,65,2,1
33308,cn,,,,56,2,1
33314,cn,6,5,2,40,1,0
33319,cn,4,4,2,35,1,1
33333,cn,6,10,2,47,1,1
33337,cn,2,2,2,50,1,1
33342,cn,6,5,2,35,1,0
33345,cn,7,8,2,35,1,1
33383,cn,,,,66,2,1
33400,cn,4,7,2,64,2,1
33403,cn,6,3,2,48,2,1
33422,cn,6,3,2,60,1,1
33432,cn,6,7,2,45,1,1
33436,cn,,,,46,2,1
33447,cn,6,5,2,49,1,0
33460,cn,4,3,2,51,2,1
33462,cn,6,5,2,50,1,0
33467,cn,6,6,,46,1,1
33512,cn,5,7,2,50,2,1
33515,cn,7,5,2,46,1,1
33561,cn,6,5,2,45,1,1
33751,cn,4,3,,24,1,1
33960,cn,7,6,2,27,1,1
34036,cn,6,6,2,36,2,0
34167,cn,6,8,2,24,1,1
34252,cn,6,6,2,35,2,1
34308,cn,,,,31,1,1
34328,cn,,,,19,1,1
34377,cn,5,6,2,23,1,1
34409,cn,7,10,2,20,1,1
34414,cn,6,7,2,31,1,0
34426,cn,3,5,2,21,1,1
34477,cn,6,7,2,36,2,1
34486,cn,4,4,,51,1,1
34487,cn,5,5,1,23,1,1
34489,cn,5,5,1,20,1,0
34490,cn,,,,23,1,1
34513,cn,4,5,2,19,1,1
34659,cn,5,5,1,36,1,1
34663,cn,3,4,2,35,2,1
34674,cn,6,4,2,36,2,0
34732,cn,5,5,2,35,1,1
34756,cn,7,10,2,35,2,1
34935,cn,6,6,2,35,1,1
35012,cn,6,6,2,36,2,1
35037,cn,6,8,2,41,1,1
35048,cn,,,,38,2,1
35090,cn,,,,35,1,1
35099,cn,,,,45,2,1
35105,cn,,,,45,1,1
35108,cn,6,5,2,35,1,1
35129,cn,4,3,2,64,1,0
35134,cn,6,5,,37,2,1
35141,cn,6,4,2,48,2,1
35149,cn,,,,46,1,1
35154,cn,6,5,2,35,2,1
35173,cn,6,5,2,44,1,1
35218,cn,,,,71,2,1
35235,cn,4,8,2,45,2,1
35248,cn,6,3,2,67,1,1
35261,cn,,,,35,1,1
35263,cn,,,,51,1,0
35264,cn,6,3,2,55,2,0
35271,cn,,,,50,2,1
35276,cn,,,,46,1,1
35284,cn,,,,39,1,1
35286,cn,6,4,2,54,1,0
35306,cn,,,,47,2,0
35307,cn,,,,50,1,1
35337,cn,6,5,2,50,1,0
35436,cn,6,6,2,48,2,0
35449,cn,6,6,2,50,2,0
35450,cn,6,6,2,50,2,0
35463,cn,,,,46,2,1
35474,cn,6,7,2,52,2,0
35482,cn,6,5,2,48,1,1
35509,cn,,,,45,2,1
35511,cn,7,6,2,46,2,0
35517,cn,,,,58,2,1
35535,cn,6,6,2,60,1,1
35571,cn,,,,47,2,1
35583,cn,6,6,2,62,2,0
35595,cn,4,3,2,45,2,1
35626,cn,6,3,2,51,2,0
35629,cn,6,7,2,51,2,0
35647,cn,6,6,2,48,1,0
35658,cn,,,,50,1,1
35767,cn,,,,50,1,1
35860,cn,,,,62,2,1
35869,cn,5,7,2,46,1,1
35889,cn,,,,67,1,1
35962,cn,6,5,2,46,2,0
35990,cn,,,,88,1,0
35998,cn,,,,66,2,1
36024,cn,,,,58,1,1
36048,cn,6,6,2,38,1,1
36070,cn,5,8,2,18,1,1
36103,cn,5,7,2,41,2,1
36112,cn,6,5,2,21,1,1
36114,cn,,,,23,1,1
36115,cn,,,,29,1,1
36123,cn,,,,20,1,1
36131,cn,,,,20,1,1
36147,cn,,,,25,1,1
36287,cn,4,5,2,41,1,1
36293,cn,6,2,2,37,1,1
36295,cn,6,3,2,38,2,1
36297,cn,6,3,2,39,2,1
36301,cn,4,10,2,42,2,1
36308,cn,6,4,2,39,1,1
36318,cn,6,7,2,35,1,1
36328,cn,6,7,2,45,1,0
36335,cn,,,,39,1,0
36340,cn,6,6,2,40,1,0
36343,cn,,,,61,2,1
36367,cn,6,5,2,39,1,0
36368,cn,6,4,2,39,1,1
36373,cn,,,,54,1,0
36389,cn,,,,64,1,0
36398,cn,6,8,2,50,2,1
36406,cn,7,5,2,45,1,0
36425,cn,5,7,2,45,2,1
36428,cn,6,5,2,58,2,0
36438,cn,6,6,2,62,2,1
36447,cn,3,4,2,53,2,0
36453,cn,6,5,2,53,1,0
36458,cn,6,10,2,46,1,0
36461,cn,6,8,2,46,1,0
36465,cn,6,4,2,49,1,0
36467,cn,6,6,2,59,1,0
36474,cn,,,,63,1,1
36479,cn,7,9,2,46,1,0
36492,cn,,,,49,1,1
36514,cn,7,3,1,75,1,1
36536,cn,4,2,2,47,1,1
36588,cn,4,5,2,42,2,0
36604,cn,6,5,2,23,1,0
36627,cn,6,8,2,27,1,1
36672,cn,,,,20,1,1
36815,cn,6,5,2,31,1,0
36842,cn,6,5,2,45,2,0
36855,cn,6,6,2,36,1,1
36886,cn,3,3,2,33,1,1
36888,cn,6,7,2,39,1,0
37091,cn,5,4,2,52,1,0
37112,cn,,,,47,1,0
37113,cn,4,6,2,47,1,0
37172,cn,6,3,2,58,1,0
37200,cn,6,4,2,54,1,0
37227,cn,6,7,2,64,1,0
37327,cn,7,8,2,48,1,1
37361,cn,6,3,2,47,1,0
37444,cn,6,3,2,51,2,0
37520,cn,7,7,2,48,2,0
37703,cn,,,,18,1,1
37783,cn,,,,23,1,1
38135,cn,,,,46,1,0
38140,cn,6,7,2,48,1,1
38152,cn,,,,55,2,1
38172,cn,6,6,2,66,1,0
38183,cn,,,,56,1,0
38196,cn,,,,52,2,1
38210,cn,6,8,2,48,2,1
38211,cn,4,5,2,61,2,1
38218,cn,6,5,1,45,2,0
38221,cn,6,6,2,46,2,1
38224,cn,6,5,2,58,1,0
38259,cn,6,5,2,48,1,1
38268,cn,4,5,2,53,1,0
38293,cn,6,7,2,51,2,1
38326,cn,6,5,2,51,1,0
38327,cn,,,,48,2,1
38329,cn,6,6,2,49,2,0
38338,cn,6,7,2,48,2,1
38339,cn,7,8,1,45,1,0
38341,cn,5,7,2,45,1,1
38358,cn,6,7,2,46,1,1
38398,cn,7,10,2,47,1,0
38399,cn,,,,62,1,0
38402,cn,,,,67,1,0
38407,cn,4,3,2,63,2,1
38458,cn,5,7,2,56,1,1
38631,cn,6,8,2,48,1,1
38712,cn,,,,54,1,0
38736,cn,3,10,,47,2,1
38900,cn,5,4,2,49,1,0
38964,cn,,,,52,2,1
38969,cn,6,6,2,48,1,1
39695,cn,6,6,2,62,2,1
39711,cn,6,4,2,59,1,0
39720,cn,6,6,2,53,1,0
39788,cn,6,7,2,45,2,0
39819,cn,4,5,2,45,1,1
39867,cn,7,10,2,46,1,0
39872,cn,6,7,2,64,1,0
40065,cn,5,5,2,57,1,0
40165,cn,,,,88,1,1
40227,cn,,,,47,2,0
40267,cn,4,5,2,49,1,0
40436,cn,,,,52,2,1
40437,cn,,,,49,1,1
40709,cn,6,6,2,45,1,1
40748,cn,,,,48,1,0
40760,cn,6,8,2,53,1,0
40768,cn,,,,57,2,1
40775,cn,6,5,2,58,1,0
40816,cn,6,8,2,46,1,1
40873,cn,,,,22,1,0
40908,cn,,,,22,1,1
40930,cn,,,,51,2,1
41037,cn,,,,47,1,0
41047,cn,4,4,2,46,1,0
41096,cn,,,,45,1,1
41101,cn,5,8,2,45,1,0
41115,cn,,,,51,2,1
41158,cn,7,8,2,47,1,0
41162,cn,,,,59,1,1
41169,cn,7,8,1,46,1,1
41232,cn,7,5,2,46,2,0
41255,cn,4,2,2,46,1,1
41272,cn,6,6,2,53,1,0
41318,cn,4,6,2,46,1,0
41404,cn,6,7,2,48,1,1
41433,cn,4,4,2,58,1,1
41437,cn,6,6,2,58,1,0
41666,cn,6,7,2,46,1,1
41867,cn,6,7,2,50,1,1
41870,cn,,,,55,2,0
41879,cn,,,,62,1,0
41884,cn,,,,56,1,0
41902,cn,,,,55,1,1
41913,cn,,,,89,1,1
41921,cn,,,,61,2,0
41960,cn,6,5,2,48,2,0
41969,cn,6,7,2,53,1,0
41978,cn,,,,55,2,1
41988,cn,6,6,2,47,1,0
41991,cn,,,,50,2,1
42019,cn,6,6,2,61,1,0
42034,cn,,,,46,2,0
42042,cn,,,,57,2,0
42044,cn,6,6,2,47,1,0
42067,cn,6,6,2,23,1,0
42068,cn,,,,66,2,0
42071,cn,,,,18,1,1
42077,cn,,,,61,1,0
42104,cn,4,5,2,52,1,0
42141,cn,7,8,2,67,1,0
42161,cn,6,7,2,47,1,0
42210,cn,,,,48,2,1
42218,cn,6,7,2,45,1,1
42230,cn,5,6,2,57,2,0
42232,cn,6,8,2,46,1,0
42244,cn,4,2,2,50,1,1
42254,cn,6,7,2,47,1,1
42280,cn,5,4,2,21,1,0
42332,cn,6,7,2,50,1,0
42424,cn,6,9,,60,2,1
42500,cn,,,,56,2,1
42702,cn,,,,89,1,0
42729,cn,,,,46,1,0
42781,cn,5,7,1,66,1,0
42785,cn,5,4,2,51,2,1
42802,cn,,,,46,1,0
42867,cn,6,6,2,48,1,1
42893,cn,,,,63,1,1
42898,cn,,,,48,1,1
42976,cn,7,3,1,57,2,1
42979,cn,4,5,,48,2,1
43052,cn,,,,72,1,1
43074,cn,6,5,2,48,1,1
43109,cn,6,5,2,48,1,1
43132,cn,5,1,2,50,1,0
44505,cn,6,8,2,62,1,1
44671,cn,6,6,2,70,2,0
44683,cn,,,,70,2,0
44698,cn,5,8,2,59,2,0
44709,cn,5,3,2,49,1,1
44719,cn,6,8,2,47,2,1
44728,cn,6,6,2,51,2,0
44774,cn,,,,55,2,1
44775,cn,6,5,2,51,1,0
44795,cn,6,7,2,51,1,0
44818,cn,5,6,2,51,2,0
44826,cn,5,6,2,50,2,0
44827,cn,6,6,2,51,2,0
44840,cn,6,7,2,51,1,0
44842,cn,6,6,2,50,2,1
44844,cn,6,8,2,45,1,1
44864,cn,4,1,2,49,2,1
44878,cn,6,4,2,51,2,0
44880,cn,6,7,2,51,2,0
44887,cn,6,5,2,46,2,1
44889,cn,4,9,2,69,1,0
44890,cn,,,,48,2,1
44898,cn,6,6,2,51,2,0
44909,cn,6,5,2,46,1,1
44911,cn,,,,76,1,1
44912,cn,4,5,2,54,1,1
44916,cn,6,6,2,51,2,0
44920,cn,6,7,2,47,1,1
44926,cn,5,4,2,57,1,1
44928,cn,6,2,2,57,1,0
44930,cn,6,7,2,50,2,1
44934,cn,7,7,2,51,2,0
44935,cn,6,5,2,51,2,0
44939,cn,6,7,2,47,2,1
44941,cn,6,8,2,61,1,0
44942,cn,6,7,2,65,2,1
44945,cn,6,6,2,46,2,1
44949,cn,6,6,2,51,2,0
44950,cn,6,5,2,51,2,0
44952,cn,4,4,2,51,2,0
44956,cn,6,7,2,64,2,1
44958,cn,6,6,2,51,2,0
44961,cn,6,7,2,51,2,0
44962,cn,4,4,2,52,2,1
44966,cn,6,7,2,48,1,1
44967,cn,6,4,2,51,2,0
44969,cn,6,5,2,51,2,0
44971,cn,6,7,,52,2,1
44974,cn,6,4,2,51,2,0
44975,cn,6,7,2,45,1,0
44978,cn,5,3,2,59,1,1
44984,cn,6,4,2,56,1,0
44987,cn,,,,58,1,1
44990,cn,6,7,2,69,2,0
44993,cn,4,4,2,48,2,0
44995,cn,6,6,2,47,1,1
44998,cn,4,4,2,54,2,1
44999,cn,6,7,2,49,1,0
45000,cn,4,5,1,49,1,1
45002,cn,,,,63,2,1
45003,cn,6,6,2,51,1,0
45006,cn,6,6,2,49,1,0
45007,cn,4,8,2,51,2,0
45009,cn,,,,48,2,0
45010,cn,6,5,2,48,2,0
45011,cn,4,3,2,48,2,0
45012,cn,,,,49,2,1
45014,cn,4,7,2,66,2,1
45015,cn,4,7,2,51,2,0
45016,cn,6,5,2,48,2,0
45017,cn,6,6,2,55,1,1
45020,cn,6,7,2,45,2,0
45021,cn,6,4,2,48,2,0
45025,cn,6,5,2,56,1,0
45026,cn,5,8,2,60,2,1
45028,cn,,,,69,1,0
45030,cn,6,7,2,53,2,1
45031,cn,6,7,2,57,2,1
45032,cn,6,6,2,50,2,0
45035,cn,6,6,2,48,2,0
45037,cn,,,,48,2,0
45038,cn,,,,62,1,1
45040,cn,,,,48,2,0
45042,cn,4,6,2,56,1,1
45043,cn,4,7,2,45,2,0
45044,cn,6,9,2,49,2,1
45046,cn,5,3,,82,2,0
45049,cn,6,5,2,64,1,1
45050,cn,,,,72,1,0
45051,cn,4,7,2,59,2,0
45053,cn,,,,48,2,0
45059,cn,4,4,2,55,2,1
45060,cn,6,7,2,47,2,0
45061,cn,6,7,2,52,2,0
45062,cn,,,,48,2,0
45065,cn,6,3,2,63,1,1
45066,cn,5,7,2,47,2,0
45067,cn,4,7,2,71,2,0
45069,cn,5,6,2,50,2,1
45071,cn,6,5,2,48,2,0
45251,cn,6,6,2,49,1,0
45257,cn,6,6,2,45,1,0
45275,cn,6,8,2,52,1,0
45304,cn,6,7,2,59,1,0
45359,cn,6,6,2,71,2,0
45393,cn,6,6,2,50,1,0
45412,cn,5,3,2,50,1,1
45421,cn,6,7,2,47,1,0
45427,cn,6,7,2,51,1,0
45458,cn,6,7,2,45,2,0
45459,cn,6,6,2,62,2,0
45463,cn,4,5,2,49,2,1
45466,cn,4,5,2,58,1,0
45472,cn,5,6,2,46,2,0
45474,cn,6,7,2,48,1,0
45476,cn,7,5,2,52,1,0
45477,cn,,,,71,1,0
45478,cn,6,7,2,51,1,0
45480,cn,6,8,2,58,1,0
45482,cn,7,7,2,56,1,0
45485,cn,4,1,2,49,1,1
45487,cn,6,5,2,45,1,1
45488,cn,6,5,2,54,2,0
45489,cn,6,7,2,52,1,0
45492,cn,6,6,2,68,1,0
45493,cn,6,5,2,53,2,1
45495,cn,4,2,,54,2,1
45500,cn,6,7,2,50,1,0
45501,cn,6,5,2,46,1,0
45503,cn,6,7,2,47,2,1
45512,cn,,,,55,1,1
45513,cn,6,5,2,63,1,0
45514,cn,,,,49,2,0
45521,cn,6,1,2,50,1,1
45527,cn,6,8,2,53,2,0
45528,cn,6,5,2,52,1,1
45530,cn,,,,51,2,0
45532,cn,6,6,2,47,1,1
45534,cn,6,8,2,47,1,0
45543,cn,4,6,2,55,1,0
45544,cn,6,6,2,47,1,0
45545,cn,6,6,2,48,1,1
45553,cn,5,5,2,63,1,1
45556,cn,6,5,2,58,1,0
45561,cn,5,4,,55,1,0
45562,cn,6,8,2,55,2,0
45563,cn,7,8,2,61,2,0
45567,cn,4,4,2,45,2,1
45568,cn,6,6,2,51,2,0
45572,cn,4,7,2,48,2,0
45579,cn,,,,59,1,0
45581,cn,6,6,2,47,2,1
45586,cn,4,5,2,59,2,0
45588,cn,,,,56,2,0
45594,cn,5,7,2,46,2,0
45596,cn,6,7,2,58,2,0
45598,cn,6,6,2,58,1,0
45599,cn,6,5,2,53,2,0
45600,cn,6,6,2,55,2,0
45602,cn,4,7,2,52,2,0
45603,cn,6,5,2,57,2,0
45605,cn,6,9,2,58,1,0
45610,cn,6,3,2,50,2,0
45611,cn,4,7,2,56,2,0
45613,cn,6,6,2,61,1,0
45614,cn,6,8,2,57,1,0
45615,cn,4,7,2,56,1,0
45616,cn,6,8,2,58,1,0
45620,cn,6,5,2,45,2,1
45625,cn,6,7,2,58,2,0
45626,cn,6,8,2,54,2,0
45628,cn,4,8,2,47,2,0
45631,cn,6,7,2,58,2,0
45632,cn,5,10,2,62,2,0
45633,cn,4,7,2,54,2,0
45636,cn,4,4,1,63,1,1
45640,cn,6,5,2,58,1,0
45641,cn,6,6,2,46,2,0
45645,cn,6,8,2,47,2,1
45647,cn,6,5,2,53,2,1
45650,cn,6,8,2,53,2,0
45652,cn,6,7,2,51,2,0
45654,cn,4,6,2,48,2,1
45656,cn,4,7,2,56,1,0
45657,cn,6,7,2,48,2,0
45658,cn,4,8,2,57,1,0
45660,cn,,,,47,2,0
45665,cn,6,8,2,50,2,0
45666,cn,5,8,2,56,2,0
45667,cn,4,6,2,55,2,0
45668,cn,6,5,2,56,1,0
45669,cn,6,5,2,58,1,0
45670,cn,4,6,2,57,2,0
45671,cn,6,6,2,55,1,0
45672,cn,6,7,2,59,2,0
45673,cn,,,,48,2,0
45674,cn,6,8,2,49,2,0
45675,cn,6,5,2,55,2,1
45679,cn,6,5,2,51,2,0
45680,cn,6,9,2,49,2,0
45681,cn,6,4,2,45,2,1
45682,cn,6,8,2,57,1,0
45684,cn,6,7,2,57,1,1
45686,cn,4,8,1,66,1,0
45687,cn,5,7,1,51,2,0
45688,cn,5,5,2,54,2,0
45691,cn,,,,60,1,0
45693,cn,6,7,2,46,2,0
45694,cn,6,7,2,47,2,0
45696,cn,6,8,2,51,2,0
45699,cn,4,6,2,56,1,0
45702,cn,,,,57,1,1
45705,cn,6,8,2,62,1,0
45706,cn,5,7,2,47,2,1
45708,cn,,,,57,1,1
45709,cn,4,7,2,55,2,0
45710,cn,6,8,2,61,1,1
45711,cn,6,6,2,57,2,0
45714,cn,6,7,2,59,2,0
45715,cn,3,6,1,66,1,0
45718,cn,4,8,2,65,2,1
45719,cn,6,7,2,58,2,0
45723,cn,6,7,1,65,1,1
45724,cn,4,3,2,57,1,0
45728,cn,5,7,2,56,1,0
45732,cn,6,8,2,58,1,0
45733,cn,4,4,2,84,1,0
45734,cn,4,9,2,58,2,0
45735,cn,4,6,2,56,2,0
45737,cn,6,8,2,65,2,0
45743,cn,4,6,2,56,2,0
45745,cn,4,6,2,56,2,0
45746,cn,4,9,1,66,1,0
45748,cn,6,6,2,56,2,1
45749,cn,6,7,2,58,1,0
45750,cn,6,9,2,62,1,0
45751,cn,,,,56,1,0
45752,cn,4,8,1,66,1,0
45753,cn,4,7,2,56,1,0
45755,cn,6,8,2,61,2,1
45756,cn,4,6,2,56,2,0
45757,cn,4,7,2,56,1,0
45758,cn,3,3,2,58,1,0
45759,cn,6,8,2,58,1,0
45761,cn,4,4,1,65,1,1
45762,cn,6,8,2,56,2,0
45764,cn,4,8,2,59,1,0
45767,cn,4,5,2,57,2,0
45769,cn,6,7,1,65,2,0
45772,cn,4,7,2,56,2,0
45775,cn,6,8,2,58,1,0
45776,cn,5,9,1,66,1,0
45777,cn,4,7,2,57,2,0
45779,cn,4,7,2,56,1,0
45783,cn,4,6,2,56,2,0
45784,cn,4,5,2,63,1,0
45786,cn,4,7,2,56,2,0
45787,cn,4,7,1,57,2,0
45789,cn,6,7,2,56,2,0
45793,cn,4,7,2,56,1,0
45794,cn,4,5,2,57,1,0
45796,cn,6,8,2,56,2,0
45797,cn,6,9,2,57,1,0
45801,cn,4,5,2,55,1,0
45803,cn,4,7,2,57,1,0
45804,cn,6,4,2,55,1,0
45805,cn,6,7,2,58,1,0
45806,cn,3,3,2,85,2,1
45809,cn,4,7,2,56,2,0
45810,cn,5,9,2,58,2,0
45811,cn,6,7,2,68,1,0
45812,cn,6,6,2,58,1,0
45813,cn,6,4,2,82,2,0
45816,cn,6,7,2,56,1,0
45820,cn,6,6,2,56,2,0
45821,cn,6,5,2,56,2,0
45822,cn,3,6,2,59,1,0
45824,cn,6,8,2,58,1,0
45826,cn,6,8,2,58,1,0
45827,cn,6,6,2,59,1,0
45829,cn,6,6,2,57,2,0
45830,cn,4,7,2,56,2,0
45831,cn,6,6,2,76,2,0
45832,cn,4,8,2,56,1,0
45834,cn,5,3,2,82,2,0
45837,cn,4,6,2,56,1,0
45838,cn,4,8,2,58,2,0
45839,cn,6,7,2,56,2,0
45840,cn,6,8,2,57,1,0
45841,cn,4,5,2,65,2,0
45845,cn,4,5,2,58,2,0
45846,cn,4,7,2,55,2,0
45850,cn,4,6,2,56,2,0
45852,cn,,,,56,1,0
45858,cn,4,4,1,83,2,1
45867,cn,4,7,2,58,2,0
45870,cn,6,6,2,76,2,0
45876,cn,6,4,2,76,2,0
45877,cn,5,1,2,59,2,1
45879,cn,4,8,2,56,2,0
45880,cn,5,8,1,59,2,0
45881,cn,6,6,2,56,2,0
45888,cn,6,3,2,76,2,0
45892,cn,4,8,2,56,2,0
45898,cn,4,6,1,66,1,1
45902,cn,4,8,1,58,2,0
45904,cn,4,5,2,76,2,0
45915,cn,6,6,2,67,1,0
45929,cn,5,9,1,66,1,0
46083,cn,6,6,2,57,1,1
46094,cn,6,5,2,55,1,1
46097,cn,5,3,2,61,1,0
46098,cn,7,6,2,53,2,1
46099,cn,6,8,2,52,1,1
46109,cn,,,,46,2,0
46112,cn,4,9,2,82,2,0
46119,cn,,,,46,2,0
46122,cn,5,5,2,71,1,0
46124,cn,7,6,2,69,1,0
46126,cn,6,7,2,47,2,1
46127,cn,4,9,2,70,1,0
46135,cn,4,6,2,48,2,1
46143,cn,6,6,2,49,2,1
46144,cn,4,4,2,54,2,0
46147,cn,4,6,2,48,2,1
46148,cn,5,4,2,57,1,1
46149,cn,6,7,2,47,2,1
46152,cn,6,7,2,50,2,1
46189,cn,,,,45,2,1
46203,cn,4,8,1,66,1,1
46206,cn,,,,51,2,0
46214,cn,4,8,1,66,1,0
46220,cn,6,7,2,61,1,0
46235,cn,6,4,2,70,2,0
46237,cn,6,4,2,70,2,0
46242,cn,6,4,2,70,2,0
46243,cn,6,4,2,70,2,0
46244,cn,4,5,2,57,2,1
46246,cn,6,4,2,61,2,0
46247,cn,6,5,2,61,2,0
46249,cn,6,5,2,70,2,0
46252,cn,6,5,2,57,1,1
46253,cn,6,4,2,61,2,0
46256,cn,6,4,2,70,2,0
46257,cn,6,4,2,70,2,0
46258,cn,6,3,2,61,2,0
46267,cn,6,4,2,70,2,0
46269,cn,6,4,2,70,2,0
46285,cn,4,7,2,57,1,0
46294,cn,4,4,2,58,2,1
46302,cn,6,7,2,61,2,0
46303,cn,6,5,2,61,2,0
46304,cn,4,3,2,61,2,0
46305,cn,6,5,2,61,2,0
46306,cn,7,7,2,61,2,0
46308,cn,7,6,2,61,2,0
46310,cn,4,4,2,63,1,1
46311,cn,4,4,2,62,1,1
46312,cn,,,,70,1,0
46313,cn,,,,71,1,0
46314,cn,6,7,2,61,1,0
46315,cn,7,6,2,61,2,0
46316,cn,6,8,2,61,1,0
46318,cn,,,,71,1,0
46319,cn,6,9,1,55,1,1
46320,cn,6,9,2,61,1,0
46321,cn,5,5,1,65,1,1
46322,cn,6,8,2,61,1,0
46325,cn,7,8,2,71,1,0
46326,cn,6,4,2,70,2,0
46328,cn,6,8,1,61,1,0
46329,cn,,,,59,1,0
46330,cn,4,6,2,64,2,0
46331,cn,,,,71,1,0
46332,cn,6,7,1,65,1,1
46334,cn,4,3,1,70,2,0
46335,cn,,,,70,1,0
46336,cn,7,8,2,61,1,0
46337,cn,6,9,2,70,2,0
46338,cn,,,,69,1,0
46339,cn,4,7,2,65,2,0
46340,cn,,,,69,2,1
46341,cn,6,7,2,70,2,0
46342,cn,4,8,2,67,2,0
46343,cn,7,9,1,61,2,0
46344,cn,7,9,2,71,1,0
46345,cn,4,7,2,63,2,0
46346,cn,4,6,2,64,2,0
46347,cn,6,9,2,57,2,0
46348,cn,4,4,2,70,2,0
46349,cn,,,,68,1,0
46350,cn,4,8,2,65,2,0
46351,cn,7,8,1,61,2,0
46352,cn,4,6,2,66,2,0
46353,cn,6,5,2,70,2,0
46354,cn,5,6,2,66,2,0
46355,cn,,,,71,1,0
46357,cn,6,4,2,70,2,0
46358,cn,7,7,2,61,2,0
46360,cn,5,5,2,83,2,1
46361,cn,6,5,2,70,2,0
46362,cn,4,6,2,85,2,1
46363,cn,6,5,2,84,2,1
46364,cn,7,8,2,71,1,0
46365,cn,5,7,2,56,2,0
46366,cn,4,6,2,57,2,0
46368,cn,,,,70,1,0
46370,cn,4,8,2,57,2,0
46371,cn,4,8,2,64,2,0
46372,cn,4,7,2,57,2,0
46373,cn,4,8,2,57,2,0
46374,cn,4,6,1,65,2,0
46375,cn,4,7,2,58,2,0
46376,cn,4,6,2,67,2,0
46377,cn,3,3,1,66,1,1
46378,cn,,,,56,2,0
46379,cn,6,5,2,70,2,0
46380,cn,5,6,2,86,2,1
46381,cn,4,3,1,82,2,1
46382,cn,5,6,2,69,2,0
46384,cn,6,8,2,61,2,0
46385,cn,6,7,2,55,2,0
46386,cn,6,5,2,82,2,0
46387,cn,4,7,2,66,2,0
46389,cn,6,3,2,70,2,0
46390,cn,6,7,2,56,2,0
46391,cn,5,7,2,66,2,0
46392,cn,4,5,2,67,2,0
46393,cn,4,3,1,65,1,1
46394,cn,6,4,2,86,2,1
46395,cn,4,7,2,66,2,0
46396,cn,4,7,2,66,2,0
46397,cn,4,4,2,83,2,1
46398,cn,5,8,2,65,1,0
46400,cn,6,3,2,84,2,0
46401,cn,5,4,2,85,2,1
46402,cn,6,5,2,69,1,0
46403,cn,4,5,2,67,2,0
46404,cn,6,4,2,70,2,0
46406,cn,5,6,2,66,2,0
46407,cn,4,6,2,69,2,0
46408,cn,7,8,2,69,1,0
46409,cn,6,8,1,65,1,1
46410,cn,5,6,2,65,2,0
46411,cn,6,3,2,67,1,1
46412,cn,6,5,2,70,2,0
46413,cn,6,7,2,83,2,1
46414,cn,4,5,2,65,2,0
46415,cn,6,8,2,84,2,1
46416,cn,7,8,2,66,1,0
46417,cn,5,4,2,83,2,1
46418,cn,6,8,2,66,1,0
46419,cn,4,3,2,70,1,0
46422,cn,3,3,1,65,1,1
46423,cn,6,4,2,70,1,0
46424,cn,7,9,2,70,1,0
46425,cn,6,4,2,70,1,0
46426,cn,6,9,2,70,1,0
46427,cn,,,,58,2,0
46428,cn,7,8,2,67,1,0
46537,cn,6,5,2,53,1,0
46592,cn,4,5,2,57,1,0
46594,cn,6,8,2,53,1,0
46601,cn,6,4,2,50,2,1
46609,cn,7,8,2,54,2,1
46615,cn,5,7,2,54,1,0
46621,cn,7,6,2,79,1,0
46633,cn,6,4,2,45,2,1
46637,cn,6,7,2,62,1,1
46638,cn,,,,56,2,1
46646,cn,4,5,2,46,1,0
46649,cn,,,,49,2,0
46653,cn,6,6,2,50,1,1
46658,cn,4,8,2,46,2,0
46659,cn,6,9,2,54,2,0
46660,cn,4,7,2,49,2,0
46661,cn,4,7,2,49,2,0
46662,cn,,,,49,2,0
46663,cn,4,6,2,49,2,0
46665,cn,5,6,2,57,2,0
46666,cn,6,8,2,45,2,0
46667,cn,4,7,2,46,2,0
46668,cn,4,6,2,48,2,0
46669,cn,6,8,2,55,2,0
46671,cn,4,9,2,56,1,0
46677,cn,6,5,2,57,1,1
46678,cn,3,7,2,52,2,0
46679,cn,6,6,2,47,2,1
46680,cn,6,8,2,53,2,0
46682,cn,4,6,2,49,2,0
46683,cn,5,7,2,47,2,0
46684,cn,4,5,2,56,2,0
46686,cn,4,7,2,62,1,0
46690,cn,6,8,2,70,2,0
46692,cn,4,7,2,60,2,1
46695,cn,,,,52,2,0
46696,cn,6,5,2,57,1,0
46697,cn,6,4,2,70,2,0
46698,cn,,,,62,2,1
46699,cn,6,7,1,58,2,0
46700,cn,6,8,2,57,1,0
46702,cn,4,7,2,58,2,0
46703,cn,6,6,2,56,1,0
46704,cn,4,5,2,59,2,0
46706,cn,4,9,2,46,2,0
46707,cn,4,8,2,49,2,0
46708,cn,5,7,2,46,2,0
46709,cn,,,,69,1,0
46712,cn,6,4,1,70,2,0
46716,cn,6,6,2,56,1,0
46718,cn,4,10,2,57,1,0
46719,cn,4,9,2,58,1,0
46721,cn,4,9,2,57,1,0
46726,cn,5,6,2,58,1,0
46729,cn,4,9,2,57,1,0
46731,cn,6,7,2,56,1,0
46733,cn,6,3,1,70,2,0
46739,cn,4,8,2,56,1,0
46740,cn,6,9,2,70,2,0
46743,cn,4,5,2,68,1,0
46744,cn,6,6,2,57,1,0
46745,cn,6,6,2,57,2,0
46748,cn,3,8,2,56,2,0
46749,cn,6,8,2,58,1,0
46751,cn,6,6,2,56,2,0
46754,cn,4,6,2,58,2,0
46756,cn,6,7,2,58,2,0
46757,cn,6,7,2,56,1,0
46760,cn,4,6,2,58,1,0
46761,cn,4,7,2,57,1,0
46762,cn,4,7,2,58,2,0
46765,cn,6,3,2,70,2,0
46767,cn,4,7,2,59,1,0
46768,cn,4,7,2,57,1,0
46771,cn,,,,57,2,1
46772,cn,4,7,2,56,2,0
46776,cn,4,7,2,56,2,0
46778,cn,6,7,2,59,2,0
46781,cn,6,3,2,70,2,0
46782,cn,4,8,2,56,1,0
46783,cn,4,9,2,56,1,0
46800,cn,6,3,2,70,2,0
46801,cn,6,8,2,70,2,0
46803,cn,5,5,2,84,2,1
46804,cn,4,4,2,85,2,1
46805,cn,4,5,1,83,2,0
46808,cn,6,3,1,70,2,0
46810,cn,4,3,2,82,2,1
46811,cn,6,6,2,84,2,1
46812,cn,,,,65,1,0
46818,cn,6,7,2,80,1,0
46819,cn,6,7,2,82,2,0
46821,cn,6,7,2,86,2,1
46822,cn,6,4,2,70,2,0
46823,cn,5,6,2,84,2,0
46825,cn,5,5,2,83,2,1
46826,cn,5,4,2,67,1,0
46829,cn,4,7,2,82,2,1
46830,cn,4,4,2,67,1,0
46831,cn,6,7,2,82,2,1
46834,cn,5,5,2,84,2,0
46837,cn,4,3,2,67,1,0
46841,cn,5,2,2,67,1,0
46845,cn,4,5,2,67,1,0
46851,cn,4,3,2,67,1,0
46854,cn,4,5,2,67,1,0
46858,cn,6,3,2,67,1,0
46861,cn,5,4,2,67,1,0
46862,cn,6,8,2,65,1,0
46868,cn,,,,71,1,1
46871,cn,3,2,2,67,1,0
46873,cn,4,3,2,67,1,0
46875,cn,4,9,2,70,1,0
46876,cn,5,6,2,67,1,0
46884,cn,5,5,2,67,1,0
46885,cn,3,3,1,67,1,0
46895,cn,4,10,2,67,1,0
46899,cn,5,6,2,67,1,0
46901,cn,5,3,2,67,1,0
46903,cn,4,6,2,67,1,0
46905,cn,6,8,2,65,1,0
46911,cn,4,4,2,67,1,0
46912,cn,5,6,2,67,1,0
46915,cn,3,3,2,65,1,0
46917,cn,5,4,1,67,1,0
46919,cn,4,3,2,67,1,0
46921,cn,7,8,2,74,1,0
46922,cn,4,5,1,66,1,0
46926,cn,5,6,1,66,1,0
46928,cn,4,2,1,67,1,0
46934,cn,5,7,2,67,1,0
46936,cn,4,1,1,67,1,0
46941,cn,6,5,2,67,1,0
46943,cn,4,5,1,67,1,0
46946,cn,6,9,2,67,1,0
46956,cn,4,9,2,67,1,0
46961,cn,,,,70,1,0
47249,cn,6,5,2,29,2,0
47251,cn,5,5,2,19,1,0
47253,cn,,,,20,1,1
47254,cn,,,,18,2,1
47257,cn,6,8,2,35,1,1
47258,cn,,,,21,2,1
47259,cn,,,,18,2,1
47260,cn,7,6,2,41,2,0
47262,cn,6,7,2,36,2,1
47263,cn,5,5,2,35,1,1
47265,cn,5,7,2,19,2,1
47267,cn,7,7,2,20,2,1
47272,cn,,,,31,2,1
47275,cn,,,,29,1,1
47278,cn,,,,52,1,1
47279,cn,6,6,2,19,2,1
47280,cn,5,4,2,35,2,1
47281,cn,,,,27,2,1
47282,cn,5,6,2,20,1,1
47283,cn,6,5,2,18,2,1
47284,cn,,,,19,2,1
47285,cn,6,6,2,29,1,0
47286,cn,,,,19,1,1
47289,cn,6,5,2,18,2,0
47290,cn,6,6,2,37,1,1
47294,cn,6,3,2,35,2,1
47295,cn,4,3,2,22,1,1
47299,cn,6,3,2,32,2,0
47300,cn,6,6,2,38,2,0
47301,cn,,,,27,2,0
47302,cn,6,7,2,41,1,0
47304,cn,6,7,2,33,1,1
47305,cn,3,5,2,28,1,1
47308,cn,6,7,2,21,1,1
47310,cn,6,8,2,24,1,1
47311,cn,,,,31,1,1
47312,cn,6,7,2,41,1,0
47313,cn,7,8,2,19,2,1
47314,cn,,,,19,1,1
47316,cn,6,6,2,31,1,1
47317,cn,5,8,2,37,1,1
47318,cn,6,5,2,53,1,1
47321,cn,6,7,2,44,1,0
47323,cn,6,7,2,65,1,0
47324,cn,,,,24,1,1
47325,cn,4,6,2,19,1,1
47328,cn,6,7,2,42,1,0
47329,cn,6,1,2,39,1,0
47330,cn,6,5,2,27,1,1
47333,cn,6,6,2,37,1,1
47334,cn,6,5,2,21,1,1
47335,cn,6,6,2,27,1,0
47337,cn,,,,20,2,1
47338,cn,,,,35,2,0
47339,cn,6,6,2,43,2,1
47340,cn,,,,42,1,0
47341,cn,,,,19,1,0
47343,cn,6,6,2,41,2,1
47347,cn,,,,22,1,1
47348,cn,6,6,2,22,1,1
47350,cn,,,,41,1,0
47351,cn,6,5,2,37,2,1
47352,cn,5,6,2,20,2,1
47355,cn,,,,20,2,1
47356,cn,6,6,2,40,1,1
47358,cn,,,,19,2,1
47359,cn,3,6,2,20,1,1
47360,cn,,,,39,1,1
47361,cn,,,,37,1,1
47362,cn,,,,45,1,0
47363,cn,6,7,2,41,1,0
47364,cn,6,8,,43,1,0
47365,cn,6,5,2,55,1,0
47366,cn,6,6,2,20,1,0
47367,cn,,,,18,1,1
47370,cn,5,6,2,18,1,1
47371,cn,7,5,1,23,1,1
47372,cn,5,5,2,19,1,1
47373,cn,3,1,1,67,1,0
47374,cn,6,8,2,38,1,0
47375,cn,6,6,2,48,1,0
47376,cn,4,4,1,67,1,0
47378,cn,6,4,2,56,1,0
47379,cn,,,,20,1,1
47381,cn,5,7,2,20,1,1
47382,cn,,,,20,1,0
47384,cn,5,7,2,52,2,1
47386,cn,6,8,2,65,1,0
47389,cn,4,1,2,18,1,1
47390,cn,7,10,2,24,1,1
47392,cn,,,,22,1,1
47393,cn,,,,20,1,1
47394,cn,6,6,2,24,1,0
47396,cn,4,5,2,52,1,0
47397,cn,,,,20,2,1
47399,cn,6,6,2,19,1,1
47401,cn,6,6,2,21,1,1
47408,cn,5,7,2,67,1,0
47409,cn,6,3,2,53,2,0
47410,cn,5,4,2,67,1,0
47413,cn,4,6,2,54,2,0
47414,cn,,,,45,2,1
47418,cn,4,5,2,57,2,0
47421,cn,,,,46,2,0
47423,cn,5,8,2,45,1,0
47424,cn,6,9,2,65,1,0
47425,cn,4,5,2,52,1,0
47428,cn,4,6,2,56,1,1
47433,cn,6,5,2,45,1,0
47443,cn,4,6,1,65,1,0
47463,cn,4,5,2,53,1,0
47464,cn,6,7,2,49,2,0
47471,cn,6,9,2,58,2,0
47476,cn,4,6,2,56,2,0
47477,cn,4,6,2,56,2,0
47478,cn,6,9,2,58,1,0
47479,cn,6,8,2,46,2,0
47482,cn,6,7,2,47,1,1
47483,cn,6,8,2,58,1,0
47485,cn,6,7,2,46,2,0
47490,cn,4,5,2,54,1,0
47491,cn,,,,46,2,0
47492,cn,5,4,2,57,1,0
47494,cn,4,6,2,56,2,0
47496,cn,4,8,2,46,1,0
47497,cn,6,8,2,58,2,0
47502,cn,4,8,2,52,2,0
47503,cn,6,6,2,56,1,0
47505,cn,,,,45,2,0
47508,cn,5,7,2,53,2,0
47509,cn,6,7,2,46,1,0
47510,cn,5,6,2,47,1,0
47512,cn,5,7,2,50,2,0
47514,cn,6,7,2,58,2,0
47517,cn,4,5,1,66,1,0
47518,cn,6,5,2,59,1,0
47519,cn,6,8,2,58,2,0
47520,cn,6,4,2,55,1,0
47522,cn,7,8,2,46,1,0
47523,cn,,,,51,2,0
47524,cn,6,8,2,58,1,0
47525,cn,4,8,2,46,2,0
47526,cn,4,5,2,54,1,0
47527,cn,6,5,2,59,1,0
47530,cn,6,3,2,70,2,0
47531,cn,6,5,2,55,2,0
47536,cn,6,3,2,70,2,0
47539,cn,,,,50,1,0
47540,cn,6,6,2,47,2,1
47544,cn,6,8,2,70,2,0
47552,cn,6,6,2,50,2,1
47553,cn,6,9,2,58,1,0
47555,cn,6,8,2,47,1,0
47557,cn,5,5,2,63,1,0
47558,cn,6,8,2,70,2,0
47560,cn,6,9,2,70,2,0
47562,cn,6,5,2,59,2,0
47563,cn,5,6,2,51,2,0
47565,cn,4,2,2,47,2,1
47567,cn,6,4,2,52,1,0
47571,cn,,,,55,1,0
47577,cn,6,3,2,70,2,0
47578,cn,5,6,1,85,2,0
47579,cn,,,,65,1,0
47581,cn,6,8,2,56,2,0
47585,cn,,,,65,1,0
47587,cn,6,8,2,70,2,0
47588,cn,3,1,2,53,1,1
47589,cn,6,5,2,67,1,0
47592,cn,6,6,2,51,2,0
47593,cn,6,4,2,55,1,1
47595,cn,,,,70,2,0
47597,cn,4,8,2,46,2,0
47598,cn,,,,51,2,1
47601,cn,3,3,1,65,1,0
47605,cn,6,3,2,55,1,0
47607,cn,6,7,2,49,1,1
47608,cn,6,3,2,70,2,0
47609,cn,5,6,2,50,2,0
47611,cn,3,5,2,67,1,0
47613,cn,4,6,2,49,2,0
47614,cn,4,4,2,67,1,0
47618,cn,6,7,2,46,2,0
47621,cn,4,5,2,45,2,1
47622,cn,6,7,2,56,2,0
47623,cn,6,6,2,58,1,0
47624,cn,6,6,2,57,2,0
47625,cn,4,4,2,52,1,0
47626,cn,6,7,2,56,2,0
47630,cn,6,8,2,70,2,0
47631,cn,6,9,2,55,2,0
47632,cn,5,5,2,48,1,0
47633,cn,6,3,2,70,2,0
47635,cn,4,5,1,63,1,0
47636,cn,6,6,2,55,2,0
47637,cn,,,,52,1,1
47640,cn,6,9,2,70,2,0
47644,cn,6,8,2,70,2,0
47646,cn,4,6,2,48,2,0
47650,cn,5,7,2,55,2,0
47651,cn,5,7,2,49,2,0
47652,cn,4,6,2,48,2,0
47656,cn,6,7,2,46,2,0
47657,cn,7,7,2,48,1,1
47659,cn,4,5,2,63,1,0
47660,cn,6,6,2,45,2,1
47664,cn,6,4,2,56,1,0
47672,cn,6,8,2,55,1,0
47673,cn,4,6,2,47,2,0
47674,cn,,,,63,2,1
47677,cn,4,6,2,47,1,0
47678,cn,4,4,2,57,1,0
47679,cn,4,6,2,48,1,0
47680,cn,5,7,2,47,2,0
47681,cn,6,7,2,46,2,0
47682,cn,4,9,2,69,1,0
47683,cn,5,6,2,51,2,0
47684,cn,6,8,2,56,2,0
47685,cn,6,5,2,56,2,0
47686,cn,6,5,2,58,1,1
47689,cn,6,8,2,47,2,0
47691,cn,6,6,2,48,1,1
47692,cn,6,7,2,46,2,0
47694,cn,6,8,2,48,2,0
47695,cn,6,8,2,48,2,0
47697,cn,6,7,2,55,2,0
47698,cn,6,5,2,57,2,0
47699,cn,6,6,2,46,1,0
47700,cn,6,4,2,56,1,0
47702,cn,6,4,2,58,1,0
47704,cn,6,4,2,49,2,0
47705,cn,6,4,2,58,1,0
47709,cn,6,4,2,58,1,0
48153,cn,6,7,2,49,1,0
48167,cn,6,4,2,70,2,0
48169,cn,6,5,2,70,2,0
,,,,,,,
,,,,,,,
,,,,,,,
,,,,,,,
M,40.59620787,,,,,,
SD,15.6757618,,,,,,
M_num,1537,,,,,,
F_num,1310,,,,,,
age_max,99,,,,,,
age_min,18,,,,,,
